,id,country,country_3,city,longitude,latitude,cohort,role
0,0sahene,Ghana,GHA,Tamale,-0.8423986,9.4051992,5,participant
1,0x174,United States,USA,Boston,-71.060511,42.3554334,3,participant
2,4iro,Argentina,ARG,Buenos Aires,-58.4370894,-34.6075682,7,participant
3,4iro,Argentina,ARG,Buenos Aires,-58.4370894,-34.6075682,8,mentor
4,aath0,Switzerland,CHE,,,,1,expert
5,aath0,Switzerland,CHE,,,,2,expert
6,abdulelahsm,Saudi Arabia,SAU,Dammam,50.1039991,26.4367824,3,participant
7,abraham-dabengwa,South Africa,ZAF,Johannesburg,28.049722,-26.205,5,participant
8,abretaud,France,FRA,Rennes,-1.6800198,48.1113387,4,mentor
9,ac812,United Kingdom,GBR,Cambridge,0.1186637,52.2055314,dra,mentor
10,ac812,United Kingdom,GBR,Cambridge,0.1186637,52.2055314,dra,mentor
11,acocac,United Kingdom,GBR,London,-0.14405508452768728,51.4893335,4,participant
12,acocac,United Kingdom,GBR,London,-0.14405508452768728,51.4893335,5,mentor
13,acocac,United Kingdom,GBR,London,-0.14405508452768728,51.4893335,dra,mentor
14,acocac,United Kingdom,GBR,London,-0.14405508452768728,51.4893335,dra,mentor
15,adam-gristwood,Germany,DEU,Heidelberg,8.694724,49.4093582,3,expert
16,adekolagreat,Canada,CAN,,,,dra,participant
17,adnan1306,Canada,CAN,,,,dra,participant
18,adolfmukama,Kenya,KEN,"Kilifi, Mombasa",39.676239921006136,-4.049189950000001,catalyst,participant
19,afzal442,India,IND,,,,3,participant
20,agbeltran,United Kingdom,GBR,,,,2,expert
21,agossoubido2021,Benin,BEN,Abomey Calavi,2.3303076367454025,6.51096225,5,participant
22,ahlam-zidan,Canada,CAN,,,,dra,participant
23,ahmed-abdille,Somalia,SOM,Galkacyo,47.4209646,6.7788121,catalyst,participant
24,ahoyi,Nigeria,NGA,,,,7,speaker
25,aida-turing,United Kingdom,GBR,London,-0.14405508452768728,51.4893335,3,participant
26,aidanbudd,Germany,DEU,Heidelberg,8.694724,49.4093582,1,expert
27,aidanbudd,Germany,DEU,Heidelberg,8.694724,49.4093582,1,mentor
28,aidanbudd,Germany,DEU,Heidelberg,8.694724,49.4093582,2,expert
29,aidanbudd,Germany,DEU,Heidelberg,8.694724,49.4093582,2,mentor
30,aidanbudd,Germany,DEU,Heidelberg,8.694724,49.4093582,3,expert
31,aieoman,Canada,CAN,,,,dra,participant
32,ailís-o'carroll,Ireland,IRL,,,,7,mentor
33,ajitesh-parihar,Canada,CAN,,,,dra,participant
34,ajstewartlang,United Kingdom,GBR,Manchester,-2.2451148,53.4794892,1,expert
35,ajstewartlang,United Kingdom,GBR,Manchester,-2.2451148,53.4794892,1,mentor
36,ajstewartlang,United Kingdom,GBR,Manchester,-2.2451148,53.4794892,1,speaker
37,ajstewartlang,United Kingdom,GBR,Manchester,-2.2451148,53.4794892,2,expert
38,ajstewartlang,United Kingdom,GBR,Manchester,-2.2451148,53.4794892,2,mentor
39,ajstewartlang,United Kingdom,GBR,Manchester,-2.2451148,53.4794892,2,speaker
40,ajstewartlang,United Kingdom,GBR,Manchester,-2.2451148,53.4794892,4,expert
41,ajstewartlang,United Kingdom,GBR,Manchester,-2.2451148,53.4794892,5,speaker
42,akalikadien,Netherlands,NLD,Delft,4.362724538543995,51.999457199999995,5,participant
43,aldenc,United Kingdom,GBR,London,-0.14405508452768728,51.4893335,6,participant
44,alecandian,Netherlands,NLD,,,,5,participant
45,alecandian,Netherlands,NLD,,,,6,expert
46,alecandian,Netherlands,NLD,,,,6,mentor
47,aleesteele,United Kingdom,GBR,London,-0.14405508452768728,51.4893335,5,participant
48,aleesteele,United Kingdom,GBR,London,-0.14405508452768728,51.4893335,6,expert
49,aleesteele,United Kingdom,GBR,London,-0.14405508452768728,51.4893335,6,mentor
50,aleesteele,United Kingdom,GBR,London,-0.14405508452768728,51.4893335,dra,mentor
51,aleserain,Brazil,BRA,Rio De Janeiro,-43.2093727,-22.9110137,catalyst,participant
52,alettes,South Africa,ZAF,Makhanda Grahamstown,26.496243,-33.2885486,8,participant
53,alex-mendonça,Brazil,BRA,,,,5,speaker
54,alex.alexis,Canada,CAN,,,,dra,participant
55,alexanderdefuria,Canada,CAN,,,,dra,participant
56,alexandra-araujo-alvarez,United Kingdom,GBR,London,-0.14405508452768728,51.4893335,dra,mentor
57,alexandra-araujo-alvarez,United Kingdom,GBR,London,-0.14405508452768728,51.4893335,dra,mentor
58,alexholinski,United Kingdom,GBR,,,,3,expert
59,alexholinski,United Kingdom,GBR,,,,3,speaker
60,alexholinski,United Kingdom,GBR,,,,4,expert
61,alexholinski,United Kingdom,GBR,,,,4,mentor
62,alexholinski,United Kingdom,GBR,,,,5,expert
63,alexwlchan,United Kingdom,GBR,,,,1,speaker
64,alexwlchan,United Kingdom,GBR,,,,2,expert
65,alexwlchan,United Kingdom,GBR,,,,2,speaker
66,alexwlchan,United Kingdom,GBR,,,,3,expert
67,alexwlchan,United Kingdom,GBR,,,,4,expert
68,alexwlchan,United Kingdom,GBR,,,,4,speaker
69,alexwlchan,United Kingdom,GBR,,,,5,expert
70,alexwlchan,United Kingdom,GBR,,,,6,speaker
71,alexwlchan,United Kingdom,GBR,,,,8,expert
72,alfredoq,Argentina,ARG,Córdoba,-4.7760138,37.8845813,catalyst,participant
73,aliaslaurel,Argentina,ARG,Córdoba,-4.7760138,37.8845813,6,expert
74,alihumayun,United Kingdom,GBR,London,-0.14405508452768728,51.4893335,3,participant
75,alihumayun,United Kingdom,GBR,London,-0.14405508452768728,51.4893335,4,participant
76,alix-shield,Canada,CAN,,,,dra,participant
77,alyaaawad,Sudan,SDN,Port Sudan,37.211709,19.619217,catalyst,participant
78,amangoel185,United Kingdom,GBR,Manchester,-2.2451148,53.4794892,6,participant
79,amangoel185,United Kingdom,GBR,Manchester,-2.2451148,53.4794892,7,facilitator
80,amangoel185,United Kingdom,GBR,Manchester,-2.2451148,53.4794892,dra,mentor
81,amangoel185,United Kingdom,GBR,Manchester,-2.2451148,53.4794892,dra,mentor
82,amangoel185,United Kingdom,GBR,Manchester,-2.2451148,53.4794892,dra,mentor
83,amber-koert,Netherlands,NLD,Amsterdam,4.8924534,52.3730796,8,participant
84,amchagas,United Kingdom,GBR,,,,3,speaker
85,amchagas,United Kingdom,GBR,,,,7,speaker
86,amdanz,Canada,CAN,,,,dra,participant
87,ameerracle,Canada,CAN,,,,dra,participant
88,amykim17,Canada,CAN,,,,dra,participant
89,anafinovas,Hungary,HUN,Budapest,19.14609412691246,47.48138955,7,participant
90,anayan321,Thailand,THA,Bangkok,100.6224463,13.8245796,1,participant
91,anayan321,Thailand,THA,Bangkok,100.6224463,13.8245796,4,expert
92,andre-piza,United Kingdom,GBR,London,-0.14405508452768728,51.4893335,dra,mentor
93,andre-vargas-de,Bolivia,,Cochabamba,-66.1568983,-17.3936114,5,participant
94,andreasancheztapia,Colombia,COL,"Merced, CA",-120.7678602,37.1641544,6,expert
95,andreasancheztapia,Colombia,COL,"Merced, CA",-120.7678602,37.1641544,6,mentor
96,andreasancheztapia,Colombia,COL,"Merced, CA",-120.7678602,37.1641544,6,mentor
97,andreasancheztapia,Colombia,COL,"Merced, CA",-120.7678602,37.1641544,7,mentor
98,andreasancheztapia,Colombia,COL,"Merced, CA",-120.7678602,37.1641544,7,speaker
99,andreea-avramescu,United Kingdom,GBR,Manchester,-2.2451148,53.4794892,4,participant
100,andrés-felipe-ortiz-ferreira,,,,,,7,participant
101,anelda,South Africa,ZAF,Overberg,5.4964645,52.0390484,2,mentor
102,anelda,South Africa,ZAF,Overberg,5.4964645,52.0390484,3,mentor
103,anelda,South Africa,ZAF,Overberg,5.4964645,52.0390484,3,speaker
104,anelda,South Africa,ZAF,Overberg,5.4964645,52.0390484,5,speaker
105,anelda,South Africa,ZAF,Overberg,5.4964645,52.0390484,6,participant
106,anemily-machina,Canada,CAN,,,,dra,participant
107,anenadic,United Kingdom,GBR,Manchester,-2.2451148,53.4794892,1,expert
108,anenadic,United Kingdom,GBR,Manchester,-2.2451148,53.4794892,2,expert
109,anenadic,United Kingdom,GBR,Manchester,-2.2451148,53.4794892,2,speaker
110,anenadic,United Kingdom,GBR,Manchester,-2.2451148,53.4794892,3,expert
111,angelicamaineri,Netherlands,NLD,,,,7,participant
112,angelicamaineri,Netherlands,NLD,,,,8,expert
113,angelicamiraples,Canada,CAN,,,,dra,participant
114,anita-broellochs,United States,USA,,,,1,speaker
115,anita-broellochs,United States,USA,,,,2,expert
116,anita-broellochs,United States,USA,,,,2,mentor
117,anjali-mazumder,United Kingdom,GBR,,,,2,mentor
118,annakrystalli,United Kingdom,GBR,Sheffield,-1.4702278,53.3806626,1,expert
119,annakrystalli,United Kingdom,GBR,Sheffield,-1.4702278,53.3806626,3,expert
120,annakrystalli,United Kingdom,GBR,Sheffield,-1.4702278,53.3806626,3,mentor
121,annalee-sekulic,United States,USA,Columbus,-83.0007065,39.9622601,3,participant
122,annambiller,Germany,DEU,Munich,11.5753822,48.1371079,7,participant
123,anneclinio,Brazil,BRA,,,,1,expert
124,annefou,Norway,NOR,Oslo,10.7389701,59.9133301,4,expert
125,annefou,Norway,NOR,Oslo,10.7389701,59.9133301,4,mentor
126,annefou,Norway,NOR,Oslo,10.7389701,59.9133301,5,mentor
127,annemtreasure,South Africa,ZAF,Cape Town,18.417396,-33.928992,5,expert
128,annemtreasure,South Africa,ZAF,Cape Town,18.417396,-33.928992,5,mentor
129,annemtreasure,South Africa,ZAF,Cape Town,18.417396,-33.928992,6,mentor
130,anproulx,Canada,CAN,,,,2,participant
131,anshika-sah,India,IND,New Delhi,77.2090057,28.6138954,3,participant
132,antonioggsousa,Portugal,PRT,Oeiras,-9.271300382407272,38.7124971,3,participant
133,antonis-koutsoumpis,Netherlands,NLD,Amsterdam,4.8924534,52.3730796,8,participant
134,aolivera-labi,Uruguay,URY,Montevideo,-56.1913095,-34.9058916,catalyst,participant
135,arashasg,Canada,CAN,,,,dra,participant
136,arentkievits,Netherlands,NLD,Delft,4.362724538543995,51.999457199999995,4,participant
137,ariana-bethany-subroyen,,,,,,6,participant
138,arianna-cortesi,Brazil,BRA,Rio De Janeiro,-43.2093727,-22.9110137,7,participant
139,ariannazuanazzi,United States,USA,New York City,-74.0060152,40.7127281,8,participant
140,ariannazuanazzi,United States,USA,New York City,-74.0060152,40.7127281,dra,mentor
141,ariannazuanazzi,United States,USA,New York City,-74.0060152,40.7127281,dra,mentor
142,arielle-bennett,United Kingdom,GBR,Stevenage,-0.2027155,51.9016663,2,expert
143,arielle-bennett,United Kingdom,GBR,Stevenage,-0.2027155,51.9016663,2,mentor
144,arielle-bennett,United Kingdom,GBR,Stevenage,-0.2027155,51.9016663,3,expert
145,arielle-bennett,United Kingdom,GBR,Stevenage,-0.2027155,51.9016663,4,expert
146,arielle-bennett,United Kingdom,GBR,Stevenage,-0.2027155,51.9016663,4,mentor
147,arielle-bennett,United Kingdom,GBR,Stevenage,-0.2027155,51.9016663,5,mentor
148,arielle-bennett,United Kingdom,GBR,Stevenage,-0.2027155,51.9016663,6,expert
149,arielle-bennett,United Kingdom,GBR,Stevenage,-0.2027155,51.9016663,6,mentor
150,arielle-bennett,United Kingdom,GBR,Stevenage,-0.2027155,51.9016663,7,mentor
151,arielle-bennett,United Kingdom,GBR,Stevenage,-0.2027155,51.9016663,8,facilitator
152,arielle-bennett,United Kingdom,GBR,Stevenage,-0.2027155,51.9016663,8,mentor
153,arielle-bennett,United Kingdom,GBR,Stevenage,-0.2027155,51.9016663,catalyst,facilitator
154,arielle-bennett,United Kingdom,GBR,Stevenage,-0.2027155,51.9016663,dra,mentor
155,arvinpreet-kaur,India,IND,,,,3,participant
156,ashutosh-tiwari,India,IND,"Bilaspur, Chhattisgarh",82.1476475,22.0785627,3,participant
157,astroakanksha24,India,IND,,,,5,participant
158,augustincaitlin,United States,USA,Orlando,-81.3790304,28.5421109,4,participant
159,aurigandrea,,,,,,5,participant
160,ayeshadunk,United Kingdom,GBR,London,-0.14405508452768728,51.4893335,5,participant
161,aymd23,Nigeria,NGA,Ibadan,3.8969928,7.3786064,7,participant
162,aymd23,Nigeria,NGA,Ibadan,3.8969928,7.3786064,catalyst,participant
163,b14-rsa,South Africa,ZAF,Johannesburg,28.049722,-26.205,5,participant
164,babari-a-babari-michelle-freddia,Cameroon,CMR,Yaoundé,11.5213344,3.8689867,7,participant
165,babasaraki,Nigeria,NGA,Bauchi,10.0287754,10.6228284,2,speaker
166,babasaraki,Nigeria,NGA,Bauchi,10.0287754,10.6228284,5,participant
167,babasaraki,Nigeria,NGA,Bauchi,10.0287754,10.6228284,6,participant
168,babasaraki,Nigeria,NGA,Bauchi,10.0287754,10.6228284,catalyst,facilitator
169,bailey-harrington,United States,USA,,,,2,participant
170,bakary-n'tji diallo,Mali,MLI,,,,2,participant
171,banshee1221,South Africa,ZAF,,,,2,participant
172,batoolmm,Saudi Arabia,SAU,Liverpool,-2.99168,53.4071991,3,participant
173,batoolmm,Saudi Arabia,SAU,Liverpool,-2.99168,53.4071991,4,facilitator
174,batoolmm,Saudi Arabia,SAU,Liverpool,-2.99168,53.4071991,4,participant
175,batoolmm,Saudi Arabia,SAU,Liverpool,-2.99168,53.4071991,4,speaker
176,batoolmm,Saudi Arabia,SAU,Liverpool,-2.99168,53.4071991,5,facilitator
177,batoolmm,Saudi Arabia,SAU,Liverpool,-2.99168,53.4071991,5,mentor
178,batoolmm,Saudi Arabia,SAU,Liverpool,-2.99168,53.4071991,6,expert
179,batoolmm,Saudi Arabia,SAU,Liverpool,-2.99168,53.4071991,6,facilitator
180,batoolmm,Saudi Arabia,SAU,Liverpool,-2.99168,53.4071991,6,mentor
181,batoolmm,Saudi Arabia,SAU,Liverpool,-2.99168,53.4071991,7,mentor
182,batoolmm,Saudi Arabia,SAU,Liverpool,-2.99168,53.4071991,7,speaker
183,bbartholdy,Netherlands,NLD,,,,8,mentor
184,bduckles,United States,USA,"Portland, Oregon",-122.674194,45.5202471,1,speaker
185,bduckles,United States,USA,"Portland, Oregon",-122.674194,45.5202471,2,expert
186,bduckles,United States,USA,"Portland, Oregon",-122.674194,45.5202471,3,expert
187,bduckles,United States,USA,"Portland, Oregon",-122.674194,45.5202471,3,mentor
188,bduckles,United States,USA,"Portland, Oregon",-122.674194,45.5202471,4,expert
189,bduckles,United States,USA,"Portland, Oregon",-122.674194,45.5202471,4,mentor
190,beapdk,Canada,CAN,,,,2,participant
191,beatrizserrano,Germany,DEU,Freiburg,7.8494005,47.9960901,2,participant
192,beatrizserrano,Germany,DEU,Freiburg,7.8494005,47.9960901,3,expert
193,beatrizserrano,Germany,DEU,Freiburg,7.8494005,47.9960901,5,mentor
194,beatrizserrano,Germany,DEU,Freiburg,7.8494005,47.9960901,7,participant
195,beatrizserrano,Germany,DEU,Freiburg,7.8494005,47.9960901,dra,mentor
196,beatrizserrano,Germany,DEU,Freiburg,7.8494005,47.9960901,dra,mentor
197,bebatut,France,FRA,Clermont-Ferrand,3.0819427,45.7774551,1,organizer
198,bebatut,France,FRA,Clermont-Ferrand,3.0819427,45.7774551,1,speaker
199,bebatut,France,FRA,Clermont-Ferrand,3.0819427,45.7774551,2,expert
200,bebatut,France,FRA,Clermont-Ferrand,3.0819427,45.7774551,2,organizer
201,bebatut,France,FRA,Clermont-Ferrand,3.0819427,45.7774551,2,speaker
202,bebatut,France,FRA,Clermont-Ferrand,3.0819427,45.7774551,3,expert
203,bebatut,France,FRA,Clermont-Ferrand,3.0819427,45.7774551,3,organizer
204,bebatut,France,FRA,Clermont-Ferrand,3.0819427,45.7774551,3,mentor
205,bebatut,France,FRA,Clermont-Ferrand,3.0819427,45.7774551,3,mentor
206,bebatut,France,FRA,Clermont-Ferrand,3.0819427,45.7774551,3,mentor
207,bebatut,France,FRA,Clermont-Ferrand,3.0819427,45.7774551,3,mentor
208,bebatut,France,FRA,Clermont-Ferrand,3.0819427,45.7774551,3,speaker
209,bebatut,France,FRA,Clermont-Ferrand,3.0819427,45.7774551,4,expert
210,bebatut,France,FRA,Clermont-Ferrand,3.0819427,45.7774551,4,organizer
211,bebatut,France,FRA,Clermont-Ferrand,3.0819427,45.7774551,4,mentor
212,bebatut,France,FRA,Clermont-Ferrand,3.0819427,45.7774551,4,speaker
213,bebatut,France,FRA,Clermont-Ferrand,3.0819427,45.7774551,4,speaker
214,bebatut,France,FRA,Clermont-Ferrand,3.0819427,45.7774551,5,organizer
215,bebatut,France,FRA,Clermont-Ferrand,3.0819427,45.7774551,6,organizer
216,bebatut,France,FRA,Clermont-Ferrand,3.0819427,45.7774551,7,organizer
217,bebatut,France,FRA,Clermont-Ferrand,3.0819427,45.7774551,7,speaker
218,bebatut,France,FRA,Clermont-Ferrand,3.0819427,45.7774551,7,speaker
219,bebatut,France,FRA,Clermont-Ferrand,3.0819427,45.7774551,8,organizer
220,bebatut,France,FRA,Clermont-Ferrand,3.0819427,45.7774551,8,speaker
221,bebatut,France,FRA,Clermont-Ferrand,3.0819427,45.7774551,8,speaker
222,bebatut,France,FRA,Clermont-Ferrand,3.0819427,45.7774551,catalyst,organizer
223,bebatut,France,FRA,Clermont-Ferrand,3.0819427,45.7774551,dra,organizer
224,benjac2,Canada,CAN,,,,dra,participant
225,benkrikler,United Kingdom,GBR,,,,2,speaker
226,bethaniley,United Kingdom,GBR,"Belfast, Northern Ireland",-5.9301829,54.596391,6,speaker
227,bethaniley,United Kingdom,GBR,"Belfast, Northern Ireland",-5.9301829,54.596391,8,mentor
228,bgruening,Germany,DEU,,,,1,expert
229,bgruening,Germany,DEU,,,,1,mentor
230,bgruening,Germany,DEU,,,,2,expert
231,bhuvanameenakshik,India,IND,,,,1,expert
232,bilikis-fadeyi,Nigeria,NGA,Alimosho,3.257587568904711,6.58438825,catalyst,participant
233,billbrod,United States,USA,,,,1,participant
234,billbrod,United States,USA,,,,7,mentor
235,birgül-çolak-al,Turkey,TUR,Istanbul,29.052495,41.0766019,5,participant
236,biscuitnapper,,,,,,4,participant
237,bisola15,Nigeria,NGA,Yaba,-2.8848131505798653,12.811960299999999,7,participant
238,bobbwang,Netherlands,NLD,Amsterdam,4.8924534,52.3730796,8,participant
239,bobbwang,Netherlands,NLD,Amsterdam,4.8924534,52.3730796,8,participant
240,boi-kone,Mali,MLI,,,,2,participant
241,bonetcarne,Spain,ESP,,,,1,participant
242,booktrackergirl,United Kingdom,GBR,Exeter,-3.5269497,50.7255794,7,participant
243,brainonsilicon,United Kingdom,GBR,,,,2,participant
244,brainonsilicon,United Kingdom,GBR,,,,6,participant
245,bresearcher101,,,,,,6,participant
246,bresearcher101,,,,,,7,mentor
247,bresearcher101,,,,,,dra,mentor
248,bresearcher101,,,,,,dra,mentor
249,brevin-ochieng-olunga,Kenya,KEN,Nairobi,36.82884201813725,-1.3026148499999999,catalyst,participant
250,bruno-soares,Brazil,BRA,Rio De Janeiro,-43.2093727,-22.9110137,1,participant
251,bruno-soares,Brazil,BRA,Rio De Janeiro,-43.2093727,-22.9110137,2,mentor
252,bruno-soares,Brazil,BRA,Rio De Janeiro,-43.2093727,-22.9110137,3,mentor
253,bruno-soares,Brazil,BRA,Rio De Janeiro,-43.2093727,-22.9110137,4,expert
254,bruno-soares,Brazil,BRA,Rio De Janeiro,-43.2093727,-22.9110137,4,mentor
255,bsolodzi,Ghana,GHA,"Ashaiman, Zenu",-0.0499836,5.7121199,7,participant
256,burceelbasan,Germany,DEU,,,,4,participant
257,burceelbasan,Germany,DEU,,,,5,mentor
258,burkemlou,Australia,AUS,Brisbane,-122.402794,37.687165,2,expert
259,burkemlou,Australia,AUS,Brisbane,-122.402794,37.687165,2,speaker
260,burkemlou,Australia,AUS,Brisbane,-122.402794,37.687165,3,expert
261,burkemlou,Australia,AUS,Brisbane,-122.402794,37.687165,3,mentor
262,c-martinez,Netherlands,NLD,Amsterdam,4.8924534,52.3730796,3,expert
263,c-martinez,Netherlands,NLD,Amsterdam,4.8924534,52.3730796,3,speaker
264,callummole,United Kingdom,GBR,London,-0.14405508452768728,51.4893335,4,participant
265,callummole,United Kingdom,GBR,London,-0.14405508452768728,51.4893335,5,participant
266,camachoreina,France,FRA,Paris,2.3200410217200766,48.8588897,3,participant
267,camachoreina,France,FRA,Paris,2.3200410217200766,48.8588897,4,expert
268,camila-gómez,Bolivia,,Cochabamba,-66.1568983,-17.3936114,5,participant
269,carmel-carne,South Africa,ZAF,Cape Town,18.417396,-33.928992,7,participant
270,carogiraldo,Colombia,COL,Bogota,-74.0835643,4.6529539,7,participant
271,carogiraldo,Colombia,COL,Bogota,-74.0835643,4.6529539,8,expert
272,carol-o'brien,Denmark,DNK,,,,7,participant
273,carolina-natel-de-moura,Germany,DEU,Garmisch-Partenkirchen,11.0962815,47.4923741,dra,mentor
274,carolina-natel-de-moura,Germany,DEU,Garmisch-Partenkirchen,11.0962815,47.4923741,dra,mentor
275,cashleyj,Zimbabwe,ZWE,Harare,31.0601584,-17.8567035,catalyst,participant
276,cassgvp,United Kingdom,GBR,Oxford,-1.2578499,51.7520131,1,participant
277,cassgvp,United Kingdom,GBR,Oxford,-1.2578499,51.7520131,2,expert
278,cassgvp,United Kingdom,GBR,Oxford,-1.2578499,51.7520131,5,expert
279,cassmurph,Ireland,IRL,,,,6,participant
280,cassmurph,Ireland,IRL,,,,7,facilitator
281,cbolibaugh,United Kingdom,GBR,York,-1.0743052444639218,53.96565785,4,participant
282,cdjuikem,Canada,CAN,,,,dra,participant
283,cel31,Spain,ESP,Barcelona,2.1774322,41.3828939,5,participant
284,cemonks,Australia,AUS,Perth,-3.4286805,56.3958186,3,participant
285,cemonks,Australia,AUS,Perth,-3.4286805,56.3958186,4,mentor
286,cgentemann,United States,USA,Santa Rosa,-122.7141049,38.4404925,6,expert
287,chadsansing,United States,USA,,,,4,speaker
288,chadsansing,United States,USA,,,,5,speaker
289,chadsansing,United States,USA,,,,6,speaker
290,chartgerink,Germany,DEU,,,,catalyst,expert
291,chartgerink,Germany,DEU,,,,catalyst,speaker
292,chartgerink,Germany,DEU,,,,dra,speaker
293,chiara-damiani,,,,,,3,participant
294,chiarabertipaglia,United States,USA,,,,1,participant
295,chiarabertipaglia,United States,USA,,,,2,expert
296,chiedozie12,Canada,CAN,,,,dra,participant
297,chikaonyinye,Canada,CAN,,,,dra,participant
298,christina-ambrosi,Switzerland,CHE,,,,2,participant
299,christinerogers,Canada,CAN,Montreal,-73.5698065,45.5031824,1,participant
300,christinerogers,Canada,CAN,Montreal,-73.5698065,45.5031824,2,expert
301,christinerogers,Canada,CAN,Montreal,-73.5698065,45.5031824,2,speaker
302,christinerogers,Canada,CAN,Montreal,-73.5698065,45.5031824,3,expert
303,chucklesongithub,Argentina,ARG,Buenos Aires,-58.4370894,-34.6075682,4,participant
304,chukaogbo,Nigeria,NGA,"Abeokuta, Ogun State.",3.3467344,7.1547129,7,participant
305,cibele-zolnier-sousa-do-nascimento,Brazil,BRA,Curitiba,-49.2712724,-25.4295963,8,participant
306,cl379,Spain,ESP,Barcelona,2.1774322,41.3828939,3,participant
307,cl379,Spain,ESP,Barcelona,2.1774322,41.3828939,5,participant
308,claudiamig,Italy,ITA,Roma,12.4829321,41.8933203,7,participant
309,codito22,Peru,PER,Lima,-77.0365256,-12.0621065,5,participant
310,complexbrains,Canada,CAN,Montreal,-73.5698065,45.5031824,5,participant
311,complexbrains,Canada,CAN,Montreal,-73.5698065,45.5031824,6,facilitator
312,complexbrains,Canada,CAN,Montreal,-73.5698065,45.5031824,7,mentor
313,complexbrains,Canada,CAN,Montreal,-73.5698065,45.5031824,dra,mentor
314,complexbrains,Canada,CAN,Montreal,-73.5698065,45.5031824,dra,mentor
315,contraexemplo,Brazil,BRA,,,,4,speaker
316,contraexemplo,Brazil,BRA,,,,6,speaker
317,coopersmout,Australia,AUS,Brisbane,-122.402794,37.687165,2,participant
318,coopersmout,Australia,AUS,Brisbane,-122.402794,37.687165,4,expert
319,crangelsmith,United Kingdom,GBR,,,,2,participant
320,da5nsy,United States,USA,Washington Dc,-77.0365427,38.8950368,2,participant
321,da5nsy,United States,USA,Washington Dc,-77.0365427,38.8950368,3,expert
322,da5nsy,United States,USA,Washington Dc,-77.0365427,38.8950368,4,facilitator
323,dadditolu,United Kingdom,GBR,Glasgow,-4.2501687,55.861155,3,participant
324,dadditolu,United Kingdom,GBR,Glasgow,-4.2501687,55.861155,6,mentor
325,damario99,Canada,CAN,,,,dra,participant
326,danae-carelis-davila-espinoza,Bolivia,,,,,5,participant
327,daniel-kochin,United Kingdom,GBR,Oxford,-1.2578499,51.7520131,7,participant
328,dannycolin,Canada,CAN,,,,1,participant
329,danwchan,,,New York City,-74.0060152,40.7127281,7,participant
330,darwin-diaz,Peru,PER,Lima,-77.0365256,-12.0621065,5,participant
331,dasaderi,United States,USA,,,,1,expert
332,dasaderi,United States,USA,,,,1,mentor
333,dasaderi,United States,USA,,,,2,expert
334,dasaptaerwin,India,IND,,,,6,speaker
335,david-selassie-opoku,Germany,DEU,Berlin,13.3888599,52.5170365,4,expert
336,davidbeavan,United Kingdom,GBR,,,,2,participant
337,davidviryachen,Japan,JPN,,,,1,participant
338,dbrisaro,Argentina,ARG,Carapachay,-58.5358156,-34.5265799,8,participant
339,deepakunni3,Switzerland,CHE,Basel,7.5878261,47.5581077,5,expert
340,deepakunni3,Switzerland,CHE,Basel,7.5878261,47.5581077,5,mentor
341,deepakunni3,Switzerland,CHE,Basel,7.5878261,47.5581077,6,expert
342,delphine-l,United States,USA,Raleigh,-78.6390989,35.7803977,2,mentor
343,delphine-l,United States,USA,Raleigh,-78.6390989,35.7803977,4,expert
344,delphine-l,United States,USA,Raleigh,-78.6390989,35.7803977,4,mentor
345,demellina,United Kingdom,GBR,London,-0.14405508452768728,51.4893335,1,expert
346,demellina,United Kingdom,GBR,London,-0.14405508452768728,51.4893335,1,speaker
347,demellina,United Kingdom,GBR,London,-0.14405508452768728,51.4893335,2,expert
348,demellina,United Kingdom,GBR,London,-0.14405508452768728,51.4893335,3,expert
349,dexwel,Nigeria,NGA,Ogbomoso,4.25,8.133,8,participant
350,diana-pilvar,Estonia,EST,Tartu,26.72245,58.3801207,7,participant
351,diana-pilvar,Estonia,EST,Tartu,26.72245,58.3801207,8,expert
352,diana-pilvar,Estonia,EST,Tartu,26.72245,58.3801207,8,mentor
353,diana-pilvar,Estonia,EST,Tartu,26.72245,58.3801207,catalyst,expert
354,diana-pilvar,Estonia,EST,Tartu,26.72245,58.3801207,catalyst,speaker
355,diana-pilvar,Estonia,EST,Tartu,26.72245,58.3801207,dra,speaker
356,dianakaran,Kenya,KEN,Kilifi,39.67507159193717,-3.15073925,8,participant
357,didik-utomo,Indonesia,IDN,Malang,112.6340291,-7.9771206,3,participant
358,diegoonna,Argentina,ARG,"Ciudad Autonoma De Buenos Aires , Argentina",-58.4370894,-34.6075682,4,participant
359,diegoonna,Argentina,ARG,"Ciudad Autonoma De Buenos Aires , Argentina",-58.4370894,-34.6075682,5,mentor
360,diegoonna,Argentina,ARG,"Ciudad Autonoma De Buenos Aires , Argentina",-58.4370894,-34.6075682,6,mentor
361,diegoonna,Argentina,ARG,"Ciudad Autonoma De Buenos Aires , Argentina",-58.4370894,-34.6075682,7,mentor
362,diegoonna,Argentina,ARG,"Ciudad Autonoma De Buenos Aires , Argentina",-58.4370894,-34.6075682,8,mentor
363,dimmestp,United Kingdom,GBR,Edinburgh,-3.1883749,55.9533456,3,mentor
364,dimmestp,United Kingdom,GBR,Edinburgh,-3.1883749,55.9533456,4,expert
365,dimmestp,United Kingdom,GBR,Edinburgh,-3.1883749,55.9533456,4,mentor
366,dimmestp,United Kingdom,GBR,Edinburgh,-3.1883749,55.9533456,6,expert
367,dingaaling,United Kingdom,GBR,London,-0.14405508452768728,51.4893335,6,participant
368,dlebauer,United States,USA,,,,1,participant
369,doaamkader,Egypt,EGY,Obour City,31.465685617766244,30.2288224,7,participant
370,dozie-onunkwo,Nigeria,NGA,Umuahia,7.4924165,5.5324032,8,participant
371,dsarahstamps,United States,USA,,,,5,speaker
372,dudova,Czechia,CZE,Brno,16.6113382,49.1922443,3,participant
373,duerrsimon,Switzerland,CHE,Lausanne,6.6327025,46.5218269,3,participant
374,duerrsimon,Switzerland,CHE,Lausanne,6.6327025,46.5218269,4,expert
375,dustin-schetters,Netherlands,NLD,,,,8,participant
376,dylan-bastiaans,Switzerland,CHE,,,,2,participant
377,ealescak,United States,USA,Anchorage,-149.1107333,61.1758781,3,expert
378,ealescak,United States,USA,Anchorage,-149.1107333,61.1758781,3,mentor
379,ealescak,United States,USA,Anchorage,-149.1107333,61.1758781,4,expert
380,ealescak,United States,USA,Anchorage,-149.1107333,61.1758781,4,mentor
381,ecsalomon,United States,USA,"Chicago, Il",-87.6244212,41.8755616,4,participant
382,eduardacenteno,Netherlands,NLD,Amsterdam,4.8924534,52.3730796,8,participant
383,eirini-zormpa,United Kingdom,GBR,,,,6,participant
384,eirinibotsari,Netherlands,NLD,Dem Haag,4.2696802205364515,52.07494555,5,participant
385,ekariuki-sleepy,,,,,,7,speaker
386,ekaroune,United Kingdom,GBR,Portsmouth,-1.0906023,50.800031,2,participant
387,ekaroune,United Kingdom,GBR,Portsmouth,-1.0906023,50.800031,3,expert
388,ekaroune,United Kingdom,GBR,Portsmouth,-1.0906023,50.800031,3,mentor
389,ekaroune,United Kingdom,GBR,Portsmouth,-1.0906023,50.800031,4,expert
390,ekaroune,United Kingdom,GBR,Portsmouth,-1.0906023,50.800031,4,facilitator
391,ekaroune,United Kingdom,GBR,Portsmouth,-1.0906023,50.800031,4,mentor
392,ekaroune,United Kingdom,GBR,Portsmouth,-1.0906023,50.800031,4,speaker
393,ekaroune,United Kingdom,GBR,Portsmouth,-1.0906023,50.800031,5,mentor
394,ekaroune,United Kingdom,GBR,Portsmouth,-1.0906023,50.800031,5,participant
395,ekaroune,United Kingdom,GBR,Portsmouth,-1.0906023,50.800031,6,expert
396,ekaroune,United Kingdom,GBR,Portsmouth,-1.0906023,50.800031,6,mentor
397,ekaroune,United Kingdom,GBR,Portsmouth,-1.0906023,50.800031,dra,mentor
398,ekaroune,United Kingdom,GBR,Portsmouth,-1.0906023,50.800031,dra,mentor
399,ekeluv,South Africa,ZAF,,,,2,participant
400,ekin-bolukbasi,United Kingdom,GBR,London,-0.14405508452768728,51.4893335,2,speaker
401,elena-beretta,Netherlands,NLD,Amsterdam,4.8924534,52.3730796,8,participant
402,elena-giglia,Italy,ITA,Turin,7.6824892,45.0677551,6,participant
403,elham-reyhanianmotehaver,Canada,CAN,,,,dra,participant
404,elisa-on-github,Netherlands,NLD,Amsterdam,4.8924534,52.3730796,4,participant
405,elisa-on-github,Netherlands,NLD,Amsterdam,4.8924534,52.3730796,6,expert
406,elisa-on-github,Netherlands,NLD,Amsterdam,4.8924534,52.3730796,8,expert
407,elisa-on-github,Netherlands,NLD,Amsterdam,4.8924534,52.3730796,8,participant
408,elise-bateman,United Kingdom,GBR,Hull,-0.3394758,53.7435722,dra,mentor
409,elsasci,United Kingdom,GBR,,,,1,participant
410,emiliestorer,Canada,CAN,,,,dra,participant
411,emma-anne-harris,Germany,DEU,Berlin,13.3888599,52.5170365,3,expert
412,emma-anne-harris,Germany,DEU,Berlin,13.3888599,52.5170365,3,speaker
413,emma-lawrence,United Kingdom,GBR,London,-0.14405508452768728,51.4893335,3,participant
414,emma-lawrence,United Kingdom,GBR,London,-0.14405508452768728,51.4893335,4,expert
415,emmanuel19-ada,Nigeria,NGA,Akure,5.1932647,7.2525595,4,participant
416,emmanuel19-ada,Nigeria,NGA,Akure,5.1932647,7.2525595,5,participant
417,emmanuel19-ada,Nigeria,NGA,Akure,5.1932647,7.2525595,6,participant
418,emmanuel19-ada,Nigeria,NGA,Akure,5.1932647,7.2525595,7,participant
419,emmanuel19-ada,Nigeria,NGA,Akure,5.1932647,7.2525595,8,facilitator
420,emmanuel19-ada,Nigeria,NGA,Akure,5.1932647,7.2525595,catalyst,facilitator
421,emmanuel19-ada,Nigeria,NGA,Akure,5.1932647,7.2525595,catalyst,participant
422,emmyft,Netherlands,NLD,,,,1,expert
423,emmyft,Netherlands,NLD,,,,2,expert
424,emmyft,Netherlands,NLD,,,,3,organizer
425,emmyft,Netherlands,NLD,,,,3,speaker
426,emmyft,Netherlands,NLD,,,,3,speaker
427,emmyft,Netherlands,NLD,,,,4,organizer
428,emmyft,Netherlands,NLD,,,,4,mentor
429,emmyft,Netherlands,NLD,,,,4,speaker
430,emmyft,Netherlands,NLD,,,,4,speaker
431,emmyft,Netherlands,NLD,,,,5,organizer
432,emmyft,Netherlands,NLD,,,,5,mentor
433,emmyft,Netherlands,NLD,,,,5,speaker
434,emmyft,Netherlands,NLD,,,,5,speaker
435,emmyft,Netherlands,NLD,,,,5,speaker
436,emmyft,Netherlands,NLD,,,,6,organizer
437,emmyft,Netherlands,NLD,,,,6,speaker
438,emmyft,Netherlands,NLD,,,,7,organizer
439,emmyft,Netherlands,NLD,,,,7,speaker
440,emmyft,Netherlands,NLD,,,,8,organizer
441,esbusis,Turkey,TUR,Istanbul,29.052495,41.0766019,5,participant
442,estherplomp,Netherlands,NLD,Delft,4.362724538543995,51.999457199999995,3,expert
443,estherplomp,Netherlands,NLD,Delft,4.362724538543995,51.999457199999995,3,mentor
444,estherplomp,Netherlands,NLD,Delft,4.362724538543995,51.999457199999995,3,speaker
445,estherplomp,Netherlands,NLD,Delft,4.362724538543995,51.999457199999995,4,expert
446,estherplomp,Netherlands,NLD,Delft,4.362724538543995,51.999457199999995,4,mentor
447,estherplomp,Netherlands,NLD,Delft,4.362724538543995,51.999457199999995,4,mentor
448,estherplomp,Netherlands,NLD,Delft,4.362724538543995,51.999457199999995,5,mentor
449,estherplomp,Netherlands,NLD,Delft,4.362724538543995,51.999457199999995,6,expert
450,estherplomp,Netherlands,NLD,Delft,4.362724538543995,51.999457199999995,6,mentor
451,estherplomp,Netherlands,NLD,Delft,4.362724538543995,51.999457199999995,7,speaker
452,estherplomp,Netherlands,NLD,Delft,4.362724538543995,51.999457199999995,8,expert
453,estherplomp,Netherlands,NLD,Delft,4.362724538543995,51.999457199999995,catalyst,mentor
454,eunice-mercado-lara,Mexico,MEX,San Luis Potosi,-100.4949145,22.5000001,dra,mentor
455,eunicetunggal,Canada,CAN,,,,dra,participant
456,evaherbst,Switzerland,CHE,,,,2,participant
457,evelyngreeves,United Kingdom,GBR,,,,5,participant
458,ewa-leś,Poland,POL,,,,4,participant
459,ewallace,United Kingdom,GBR,Edinburgh,-3.1883749,55.9533456,3,expert
460,ewallace,United Kingdom,GBR,Edinburgh,-3.1883749,55.9533456,4,expert
461,ewallace,United Kingdom,GBR,Edinburgh,-3.1883749,55.9533456,5,expert
462,ewuramaminka,United Kingdom,GBR,,,,1,participant
463,existentialist-robot,Canada,CAN,,,,dra,participant
464,fabienne-lucas,United States,USA,Boston,-71.060511,42.3554334,3,participant
465,fabioperdigao,Brazil,BRA,Rio De Janeiro,-43.2093727,-22.9110137,6,participant
466,fadanka,Cameroon,CMR,Yaounde,11.5213344,3.8689867,5,participant
467,fadanka,Cameroon,CMR,Yaounde,11.5213344,3.8689867,6,mentor
468,fadanka,Cameroon,CMR,Yaounde,11.5213344,3.8689867,7,participant
469,fadanka,Cameroon,CMR,Yaounde,11.5213344,3.8689867,7,mentor
470,fadanka,Cameroon,CMR,Yaounde,11.5213344,3.8689867,8,mentor
471,fadanka,Cameroon,CMR,Yaounde,11.5213344,3.8689867,dra,mentor
472,fadanka,Cameroon,CMR,Yaounde,11.5213344,3.8689867,dra,mentor
473,fadanka,Cameroon,CMR,Yaounde,11.5213344,3.8689867,dra,mentor
474,fadlelmola,Sudan,SDN,Khartoum,32.5349123,15.5635972,catalyst,participant
475,fanwangm,Canada,CAN,,,,dra,participant
476,farukustunel,Turkey,TUR,Istanbul,29.052495,41.0766019,5,participant
477,fatimamarianar,Canada,CAN,,,,dra,participant
478,fatma366,Kenya,KEN,Nairobi,36.82884201813725,-1.3026148499999999,8,participant
479,fatma366,Kenya,KEN,Nairobi,36.82884201813725,-1.3026148499999999,catalyst,participant
480,federico-cestares,Argentina,ARG,Buenos Aires,-58.4370894,-34.6075682,5,participant
481,fnyasimi,Kenya,KEN,,,,1,participant
482,fnyasimi,Kenya,KEN,,,,4,facilitator
483,fnyasimi,Kenya,KEN,,,,5,facilitator
484,fnyasimi,Kenya,KEN,,,,6,facilitator
485,fpsom,Greece,GRC,Thessaloniki,22.9352716,40.6403167,1,expert
486,fpsom,Greece,GRC,Thessaloniki,22.9352716,40.6403167,1,mentor
487,fpsom,Greece,GRC,Thessaloniki,22.9352716,40.6403167,1,speaker
488,fpsom,Greece,GRC,Thessaloniki,22.9352716,40.6403167,2,expert
489,fpsom,Greece,GRC,Thessaloniki,22.9352716,40.6403167,2,speaker
490,fpsom,Greece,GRC,Thessaloniki,22.9352716,40.6403167,3,expert
491,fpsom,Greece,GRC,Thessaloniki,22.9352716,40.6403167,3,mentor
492,fpsom,Greece,GRC,Thessaloniki,22.9352716,40.6403167,4,expert
493,fpsom,Greece,GRC,Thessaloniki,22.9352716,40.6403167,4,mentor
494,fpsom,Greece,GRC,Thessaloniki,22.9352716,40.6403167,5,mentor
495,fpsom,Greece,GRC,Thessaloniki,22.9352716,40.6403167,5,mentor
496,fpsom,Greece,GRC,Thessaloniki,22.9352716,40.6403167,6,mentor
497,fpsom,Greece,GRC,Thessaloniki,22.9352716,40.6403167,8,mentor
498,frankonu,Canada,CAN,,,,dra,participant
499,fredbelliard,Netherlands,NLD,Delft,4.362724538543995,51.999457199999995,5,participant
500,gabimusaubach,Argentina,ARG,,,,5,participant
501,gabriela-rufino,Brazil,BRA,Rio De Janeiro,-43.2093727,-22.9110137,7,participant
502,ganleyemma,United Kingdom,GBR,,,,2,speaker
503,gareth-j,United Kingdom,GBR,Bristol,-2.5972985,51.4538022,5,participant
504,gedaloop,Spain,ESP,Barcelona,2.1774322,41.3828939,4,participant
505,gedankenstuecke,France,FRA,Paris,2.3200410217200766,48.8588897,1,expert
506,gedankenstuecke,France,FRA,Paris,2.3200410217200766,48.8588897,1,speaker
507,gedankenstuecke,France,FRA,Paris,2.3200410217200766,48.8588897,2,expert
508,gedankenstuecke,France,FRA,Paris,2.3200410217200766,48.8588897,2,speaker
509,gedankenstuecke,France,FRA,Paris,2.3200410217200766,48.8588897,3,expert
510,gemmaturon,Spain,ESP,Barcelona,2.1774322,41.3828939,5,participant
511,gemmaturon,Spain,ESP,Barcelona,2.1774322,41.3828939,8,expert
512,gemmaturon,Spain,ESP,Barcelona,2.1774322,41.3828939,8,mentor
513,gemmaturon,Spain,ESP,Barcelona,2.1774322,41.3828939,catalyst,mentor
514,george-odongo,Kenya,KEN,Nairobi,36.82884201813725,-1.3026148499999999,catalyst,participant
515,georgiahca,United Kingdom,GBR,London,-0.14405508452768728,51.4893335,2,participant
516,georgiahca,United Kingdom,GBR,London,-0.14405508452768728,51.4893335,3,speaker
517,georgiahca,United Kingdom,GBR,London,-0.14405508452768728,51.4893335,5,expert
518,georgiahca,United Kingdom,GBR,London,-0.14405508452768728,51.4893335,5,mentor
519,georgianaelena,Romania,ROU,,,,7,expert
520,georgianaelena,Romania,ROU,,,,8,expert
521,ghammad,Belgium,BEL,Liège,5.773545903524977,50.47081585,3,participant
522,gigikenneth,Nigeria,NGA,,,,7,participant
523,gigikenneth,Nigeria,NGA,,,,8,facilitator
524,gilbert-beyamba,,,,,,5,speaker
525,gill-francis,United Kingdom,GBR,York,-1.0743052444639218,53.96565785,4,participant
526,glado718,Kenya,KEN,Nairobi,36.8172449,-1.2832533,6,participant
527,glado718,Kenya,KEN,Nairobi,36.8172449,-1.2832533,7,facilitator
528,glado718,Kenya,KEN,Nairobi,36.8172449,-1.2832533,8,facilitator
529,glado718,Kenya,KEN,Nairobi,36.8172449,-1.2832533,catalyst,facilitator
530,gladys-jerono-rotich,Kenya,KEN,Nairobi,36.8288420082562,-1.3026148499999999,7,mentor
531,gladys-jerono-rotich,Kenya,KEN,Nairobi,36.8288420082562,-1.3026148499999999,8,mentor
532,gladys-jerono-rotich,Kenya,KEN,Nairobi,36.8288420082562,-1.3026148499999999,dra,mentor
533,gladys-jerono-rotich,Kenya,KEN,Nairobi,36.8288420082562,-1.3026148499999999,dra,mentor
534,godwyns-onwuchekwa,United Kingdom,GBR,Chesterfield,-77.578509,37.3859982,7,speaker
535,godwyns-onwuchekwa,United Kingdom,GBR,Chesterfield,-77.578509,37.3859982,catalyst,speaker
536,godwyns-onwuchekwa,United Kingdom,GBR,Chesterfield,-77.578509,37.3859982,dra,mentor
537,godwyns-onwuchekwa,United Kingdom,GBR,Chesterfield,-77.578509,37.3859982,dra,mentor
538,godwyns-onwuchekwa,United Kingdom,GBR,Chesterfield,-77.578509,37.3859982,dra,mentor
539,godwyns-onwuchekwa,United Kingdom,GBR,Chesterfield,-77.578509,37.3859982,dra,speaker
540,graciellehigino,Canada,CAN,Vancouver,-123.113952,49.2608724,2,expert
541,graciellehigino,Canada,CAN,Vancouver,-123.113952,49.2608724,4,expert
542,graciellehigino,Canada,CAN,Vancouver,-123.113952,49.2608724,4,mentor
543,graciellehigino,Canada,CAN,Vancouver,-123.113952,49.2608724,5,mentor
544,graciellehigino,Canada,CAN,Vancouver,-123.113952,49.2608724,5,mentor
545,graciellehigino,Canada,CAN,Vancouver,-123.113952,49.2608724,6,expert
546,graciellehigino,Canada,CAN,Vancouver,-123.113952,49.2608724,6,mentor
547,graciellehigino,Canada,CAN,Vancouver,-123.113952,49.2608724,7,mentor
548,graciellehigino,Canada,CAN,Vancouver,-123.113952,49.2608724,dra,mentor
549,graciellehigino,Canada,CAN,Vancouver,-123.113952,49.2608724,dra,mentor
550,graciellehigino,Canada,CAN,Vancouver,-123.113952,49.2608724,dra,speaker
551,graciellehigino,Canada,CAN,Vancouver,-123.113952,49.2608724,dra,speaker
552,graciellehigino,Canada,CAN,Vancouver,-123.113952,49.2608724,dra,speaker
553,gtfrans2re,Canada,CAN,,,,dra,participant
554,gugy89,,,,,,5,expert
555,guille1107,Argentina,ARG,Buenos Aires,-58.4370894,-34.6075682,4,participant
556,ha0ye,United States,USA,Gainesville,-82.3249846,29.6519684,1,expert
557,ha0ye,United States,USA,Gainesville,-82.3249846,29.6519684,1,mentor
558,ha0ye,United States,USA,Gainesville,-82.3249846,29.6519684,2,expert
559,ha0ye,United States,USA,Gainesville,-82.3249846,29.6519684,3,expert
560,ha0ye,United States,USA,Gainesville,-82.3249846,29.6519684,3,speaker
561,ha0ye,United States,USA,Gainesville,-82.3249846,29.6519684,4,expert
562,ha0ye,United States,USA,Gainesville,-82.3249846,29.6519684,5,expert
563,ha0ye,United States,USA,Gainesville,-82.3249846,29.6519684,5,speaker
564,ha0ye,United States,USA,Gainesville,-82.3249846,29.6519684,6,expert
565,ha0ye,United States,USA,Gainesville,-82.3249846,29.6519684,7,speaker
566,hamzahanif2210,Canada,CAN,,,,dra,participant
567,hans-ket,Netherlands,NLD,Amsterdam,4.8924534,52.3730796,8,participant
568,harinilakshminarayanan,Switzerland,CHE,Zurich,8.5410422,47.3744489,6,participant
569,harinilakshminarayanan,Switzerland,CHE,Zurich,8.5410422,47.3744489,7,mentor
570,harinilakshminarayanan,Switzerland,CHE,Zurich,8.5410422,47.3744489,8,mentor
571,harisood,,,,,,6,participant
572,harpreetsingh05,India,IND,Jalandhar,75.576889,31.3323762,3,expert
573,harpreetsingh05,India,IND,Jalandhar,75.576889,31.3323762,3,participant
574,harpreetsingh05,India,IND,Jalandhar,75.576889,31.3323762,3,mentor
575,harpreetsingh05,India,IND,Jalandhar,75.576889,31.3323762,3,mentor
576,harpreetsingh05,India,IND,Jalandhar,75.576889,31.3323762,4,mentor
577,hdinkel,Germany,DEU,,,,1,expert
578,hdinkel,Germany,DEU,,,,1,mentor
579,hdinkel,Germany,DEU,,,,2,expert
580,hdinkel,Germany,DEU,,,,2,mentor
581,henk-wierenga,South Africa,ZAF,,,,8,participant
582,henricountevans,Eswatini,SWZ,Kwaluseni,31.6390919,-27.2216427,8,participant
583,hexylena,Netherlands,NLD,Rotterdam,4.47775,51.9244424,3,speaker
584,heylf,Germany,DEU,Freiburg,7.8494005,47.9960901,3,participant
585,hilyatuz-zahroh,Indonesia,IDN,,,,2,participant
586,homo-sapiens34,Russian Federation,RUS,,,,1,participant
587,hrhotz,Switzerland,CHE,Basel,7.5878261,47.5581077,2,mentor
588,hrhotz,Switzerland,CHE,Basel,7.5878261,47.5581077,3,mentor
589,hrhotz,Switzerland,CHE,Basel,7.5878261,47.5581077,4,mentor
590,hrhotz,Switzerland,CHE,Basel,7.5878261,47.5581077,6,expert
591,hrhotz,Switzerland,CHE,Basel,7.5878261,47.5581077,6,mentor
592,hrhotz,Switzerland,CHE,Basel,7.5878261,47.5581077,catalyst,mentor
593,hylary-emmanuela-ndegala-nhana,Cameroon,CMR,Yaounde,11.5213344,3.8689867,7,participant
594,hzahroh,Indonesia,IDN,Jakarta,106.8270488,-6.175247,3,participant
595,ibrahssali1,Uganda,UGA,,,,2,participant
596,inquisitivevi,Germany,DEU,,,,1,expert
597,iramosp,Mexico,MEX,Mexico City,-99.1331785,19.4326296,3,participant
598,iramosp,Mexico,MEX,Mexico City,-99.1331785,19.4326296,4,expert
599,iramosp,Mexico,MEX,Mexico City,-99.1331785,19.4326296,5,expert
600,iramosp,Mexico,MEX,Mexico City,-99.1331785,19.4326296,6,expert
601,iramosp,Mexico,MEX,Mexico City,-99.1331785,19.4326296,7,expert
602,iramosp,Mexico,MEX,Mexico City,-99.1331785,19.4326296,8,expert
603,iramosp,Mexico,MEX,Mexico City,-99.1331785,19.4326296,8,mentor
604,iratxepuebla,United Kingdom,GBR,Cambridge,0.1186637,52.2055314,3,expert
605,iratxepuebla,United Kingdom,GBR,Cambridge,0.1186637,52.2055314,3,mentor
606,iratxepuebla,United Kingdom,GBR,Cambridge,0.1186637,52.2055314,3,speaker
607,iratxepuebla,United Kingdom,GBR,Cambridge,0.1186637,52.2055314,4,expert
608,iratxepuebla,United Kingdom,GBR,Cambridge,0.1186637,52.2055314,4,mentor
609,iratxepuebla,United Kingdom,GBR,Cambridge,0.1186637,52.2055314,5,expert
610,irena-maus,Germany,DEU,Bielefeld,8.531007,52.0191005,4,participant
611,irisbotas,Spain,ESP,Majadahonda,-3.8724138,40.473055,3,participant
612,isahmadbbr,Nigeria,NGA,Kano,8.5364136,11.8948389,3,participant
613,islammatar,Canada,CAN,,,,dra,participant
614,ismael-kg,United Kingdom,GBR,London,-0.14405508452768728,51.4893335,2,participant
615,ismael-kg,United Kingdom,GBR,London,-0.14405508452768728,51.4893335,5,participant
616,ismael-kg,United Kingdom,GBR,London,-0.14405508452768728,51.4893335,6,facilitator
617,ismael-kg,United Kingdom,GBR,London,-0.14405508452768728,51.4893335,6,speaker
618,iuitanyi,Canada,CAN,,,,dra,participant
619,ivotron,Mexico,MEX,Hermosillo,-110.9692202,29.0948207,2,mentor
620,ivotron,Mexico,MEX,Hermosillo,-110.9692202,29.0948207,3,expert
621,iván-gabriel-poggio,Argentina,ARG,Toay,-64.3796809,-36.6738649,8,participant
622,jafari-amir,Brazil,BRA,Rio De Janeiro,-43.2093727,-22.9110137,7,participant
623,jafsia,Central African Republic,CAF,Bangui,18.5835913,4.3635118,5,participant
624,jafsia,Central African Republic,CAF,Bangui,18.5835913,4.3635118,6,mentor
625,jafsia,Central African Republic,CAF,Bangui,18.5835913,4.3635118,7,facilitator
626,jafsia,Central African Republic,CAF,Bangui,18.5835913,4.3635118,7,participant
627,jafsia,Central African Republic,CAF,Bangui,18.5835913,4.3635118,7,mentor
628,jafsia,Central African Republic,CAF,Bangui,18.5835913,4.3635118,8,expert
629,jafsia,Central African Republic,CAF,Bangui,18.5835913,4.3635118,8,mentor
630,jafsia,Central African Republic,CAF,Bangui,18.5835913,4.3635118,dra,mentor
631,jafsia,Central African Republic,CAF,Bangui,18.5835913,4.3635118,dra,mentor
632,jaim-gem,Canada,CAN,,,,dra,participant
633,jane-ezirigwe,Canada,CAN,,,,dra,participant
634,jasonjwilliamsny,United States,USA,,,,1,expert
635,jasonjwilliamsny,United States,USA,,,,1,speaker
636,jasonjwilliamsny,United States,USA,,,,2,expert
637,javier-ruiz-pérez,Spain,ESP,Barcelona,2.1774322,41.3828939,3,participant
638,jbuczny,Netherlands,NLD,Amsterdam,4.8924534,52.3730796,8,participant
639,jcolomb,Germany,DEU,Berlin,13.3888599,52.5170365,2,expert
640,jcolomb,Germany,DEU,Berlin,13.3888599,52.5170365,4,expert
641,jcolomb,Germany,DEU,Berlin,13.3888599,52.5170365,4,mentor
642,jcolomb,Germany,DEU,Berlin,13.3888599,52.5170365,5,mentor
643,jcolomb,Germany,DEU,Berlin,13.3888599,52.5170365,7,mentor
644,jcolomb,Germany,DEU,Berlin,13.3888599,52.5170365,8,expert
645,jelioth-muthoni,Kenya,KEN,,,,2,participant
646,jesperdramsch,Germany,DEU,Bonn,7.10066,50.735851,5,expert
647,jessica-sims,United Kingdom,GBR,London,-0.14405508452768728,51.4893335,3,participant
648,jessicas11,United States,USA,Durham,-1.75,54.666667,4,expert
649,jessicas11,United States,USA,Durham,-1.75,54.666667,4,mentor
650,jezcope,United Kingdom,GBR,Yorkshire,-1.3852499932684972,53.9825271,2,expert
651,jezcope,United Kingdom,GBR,Yorkshire,-1.3852499932684972,53.9825271,2,mentor
652,jezcope,United Kingdom,GBR,Yorkshire,-1.3852499932684972,53.9825271,3,expert
653,jezcope,United Kingdom,GBR,Yorkshire,-1.3852499932684972,53.9825271,3,mentor
654,jezcope,United Kingdom,GBR,Yorkshire,-1.3852499932684972,53.9825271,5,expert
655,jezcope,United Kingdom,GBR,Yorkshire,-1.3852499932684972,53.9825271,6,expert
656,jezcope,United Kingdom,GBR,Yorkshire,-1.3852499932684972,53.9825271,dra,mentor
657,jezcope,United Kingdom,GBR,Yorkshire,-1.3852499932684972,53.9825271,dra,mentor
658,jezcope,United Kingdom,GBR,Yorkshire,-1.3852499932684972,53.9825271,dra,mentor
659,jformoso,Argentina,ARG,Ciudad Autónoma De Buenos Aires,-58.4370894,-34.6075682,7,participant
660,jformoso,Argentina,ARG,Ciudad Autónoma De Buenos Aires,-58.4370894,-34.6075682,8,facilitator
661,jformoso,Argentina,ARG,Ciudad Autónoma De Buenos Aires,-58.4370894,-34.6075682,8,mentor
662,jgirgis01,Canada,CAN,,,,dra,participant
663,jhon-anderson-pérez-silva,Peru,PER,Lima,-77.0365256,-12.0621065,5,participant
664,jhrudey,Netherlands,NLD,Amsterdam,4.8924534,52.3730796,8,participant
665,jmmaok,United States,USA,"Cary, Nc",-78.7812081,35.7882893,3,participant
666,jmmaok,United States,USA,"Cary, Nc",-78.7812081,35.7882893,4,expert
667,jmmaok,United States,USA,"Cary, Nc",-78.7812081,35.7882893,7,participant
668,joel-hancock,Austria,AUT,,,,2,participant
669,joelfan,Italy,ITA,Milan,9.1896346,45.4641943,6,participant
670,joelostblom,Canada,CAN,Vancouver,-123.113952,49.2608724,1,expert
671,joelostblom,Canada,CAN,Vancouver,-123.113952,49.2608724,3,expert
672,johanssen-obanda,Kenya,KEN,Kisumu,34.7541761,-0.1029109,7,mentor
673,johav,Germany,DEU,Berlin,13.3888599,52.5170365,3,expert
674,jolien-s,Netherlands,NLD,,,,8,participant
675,jonas-stadfeld,Canada,CAN,,,,dra,participant
676,jonny-heath,United Kingdom,GBR,Brighton,-0.1400561,50.8214626,3,expert
677,joshsimmons,United States,USA,,,,1,speaker
678,joy-owango,,,,,,5,speaker
679,joyceykao,Germany,DEU,Aachen,6.083862,50.776351,2,participant
680,joyceykao,Germany,DEU,Aachen,6.083862,50.776351,3,expert
681,joyceykao,Germany,DEU,Aachen,6.083862,50.776351,3,mentor
682,joyceykao,Germany,DEU,Aachen,6.083862,50.776351,4,expert
683,joyceykao,Germany,DEU,Aachen,6.083862,50.776351,5,expert
684,joyceykao,Germany,DEU,Aachen,6.083862,50.776351,6,expert
685,joyceykao,Germany,DEU,Aachen,6.083862,50.776351,6,mentor
686,joyceykao,Germany,DEU,Aachen,6.083862,50.776351,7,mentor
687,joyceykao,Germany,DEU,Aachen,6.083862,50.776351,8,mentor
688,joyceykao,Germany,DEU,Aachen,6.083862,50.776351,catalyst,expert
689,joyceykao,Germany,DEU,Aachen,6.083862,50.776351,catalyst,speaker
690,joyceykao,Germany,DEU,Aachen,6.083862,50.776351,dra,mentor
691,joyceykao,Germany,DEU,Aachen,6.083862,50.776351,dra,mentor
692,joyceykao,Germany,DEU,Aachen,6.083862,50.776351,dra,mentor
693,jruizperez,United States,USA,College Station,-96.3071042,30.5955289,5,participant
694,jsheunis,Germany,DEU,Juelich,6.3611015,50.9220931,5,expert
695,jsheunis,Germany,DEU,Juelich,6.3611015,50.9220931,5,mentor
696,juanjo-garcía-granero,Spain,ESP,Barcelona,2.1774322,41.3828939,3,participant
697,juanjo-garcía-granero,Spain,ESP,Barcelona,2.1774322,41.3828939,5,participant
698,julianbuede,Argentina,ARG,Córdoba,-4.7760138,37.8845813,8,participant
699,jvillcavillegas,Bolivia,BOL,Cochabamba,-66.16756808852,-17.401245799999998,5,participant
700,jvillcavillegas,Bolivia,BOL,Cochabamba,-66.16756808852,-17.401245799999998,8,mentor
701,jyoti-bhogal,India,IND,"Ahmednagar, Maharashtra",74.74267631763158,19.043620599999997,5,participant
702,jywarren,United States,USA,"Providence, RI",-71.4128343,41.8239891,6,speaker
703,k-c-martin,South Africa,ZAF,Stellenbosch,18.869167,-33.934444,5,participant
704,k-c-martin,South Africa,ZAF,Stellenbosch,18.869167,-33.934444,6,mentor
705,k8hertweck,United States,USA,"Seattle, Wa",-122.330062,47.6038321,4,expert
706,kallewesterling,United Kingdom,GBR,London,-0.14405508452768728,51.4893335,dra,mentor
707,kallewesterling,United Kingdom,GBR,London,-0.14405508452768728,51.4893335,dra,mentor
708,karegapauline,Kenya,KEN,Nairobi,36.8288420082562,-1.3026148499999999,2,participant
709,karegapauline,Kenya,KEN,Nairobi,36.8288420082562,-1.3026148499999999,6,facilitator
710,karegapauline,Kenya,KEN,Nairobi,36.8288420082562,-1.3026148499999999,6,participant
711,karegapauline,Kenya,KEN,Nairobi,36.8288420082562,-1.3026148499999999,7,mentor
712,karegapauline,Kenya,KEN,Nairobi,36.8288420082562,-1.3026148499999999,8,mentor
713,karegapauline,Kenya,KEN,Nairobi,36.8288420082562,-1.3026148499999999,catalyst,facilitator
714,kariljordan,United States,USA,,,,1,expert
715,kariljordan,United States,USA,,,,2,expert
716,karinlag,Norway,NOR,,,,1,speaker
717,karinlag,Norway,NOR,,,,catalyst,expert
718,karinlag,Norway,NOR,,,,catalyst,speaker
719,karvovskaya,Netherlands,NLD,Amsterdam,4.8924534,52.3730796,1,participant
720,karvovskaya,Netherlands,NLD,Amsterdam,4.8924534,52.3730796,2,expert
721,karvovskaya,Netherlands,NLD,Amsterdam,4.8924534,52.3730796,2,mentor
722,karvovskaya,Netherlands,NLD,Amsterdam,4.8924534,52.3730796,3,expert
723,karvovskaya,Netherlands,NLD,Amsterdam,4.8924534,52.3730796,4,expert
724,karvovskaya,Netherlands,NLD,Amsterdam,4.8924534,52.3730796,4,mentor
725,karvovskaya,Netherlands,NLD,Amsterdam,4.8924534,52.3730796,5,expert
726,karvovskaya,Netherlands,NLD,Amsterdam,4.8924534,52.3730796,5,mentor
727,karvovskaya,Netherlands,NLD,Amsterdam,4.8924534,52.3730796,6,expert
728,karvovskaya,Netherlands,NLD,Amsterdam,4.8924534,52.3730796,6,mentor
729,karvovskaya,Netherlands,NLD,Amsterdam,4.8924534,52.3730796,7,mentor
730,karvovskaya,Netherlands,NLD,Amsterdam,4.8924534,52.3730796,8,participant
731,katesimpson,United Kingdom,GBR,London/ Great Union Canal/ Leeds,,,2,participant
732,katesimpson,United Kingdom,GBR,London/ Great Union Canal/ Leeds,,,3,expert
733,katesimpson,United Kingdom,GBR,London/ Great Union Canal/ Leeds,,,3,mentor
734,katesimpson,United Kingdom,GBR,London/ Great Union Canal/ Leeds,,,4,mentor
735,katoss,France,FRA,Paris,2.3200410217200766,48.8588897,2,participant
736,katoss,France,FRA,Paris,2.3200410217200766,48.8588897,3,participant
737,katoss,France,FRA,Paris,2.3200410217200766,48.8588897,4,expert
738,katrinleinweber,Germany,DEU,,,,1,expert
739,katrinleinweber,Germany,DEU,,,,1,mentor
740,kayisi86,Canada,CAN,,,,dra,participant
741,kaythaney,United States,USA,,,,4,speaker
742,kenmurithi,Kenya,KEN,Chogoria,37.631994,-0.228851,6,participant
743,kevinxufs,United Kingdom,GBR,,,,2,participant
744,khantas,Canada,CAN,,,,dra,participant
745,khanteymoori,Germany,DEU,Freiburg,7.8494005,47.9960901,3,participant
746,kim-mm,Canada,CAN,,,,dra,participant
747,kipkurui,Kenya,KEN,,,,1,expert
748,kipkurui,Kenya,KEN,,,,1,mentor
749,kipkurui,Kenya,KEN,,,,1,speaker
750,kipkurui,Kenya,KEN,,,,2,expert
751,kipkurui,Kenya,KEN,,,,2,mentor
752,kipkurui,Kenya,KEN,,,,2,mentor
753,kipkurui,Kenya,KEN,,,,5,mentor
754,kipkurui,Kenya,KEN,,,,6,expert
755,kipkurui,Kenya,KEN,,,,6,mentor
756,kipkurui,Kenya,KEN,,,,7,mentor
757,kipkurui,Kenya,KEN,,,,catalyst,mentor
758,kiragu-mwaura,Kenya,KEN,,,,1,participant
759,kiragu-mwaura,Kenya,KEN,,,,8,facilitator
760,kiri93,Switzerland,CHE,,,,2,participant
761,kirstiejane,United Kingdom,GBR,,,,1,expert
762,kirstiejane,United Kingdom,GBR,,,,1,speaker
763,kirstiejane,United Kingdom,GBR,,,,2,expert
764,kirstiejane,United Kingdom,GBR,,,,catalyst,expert
765,kirstiejane,United Kingdom,GBR,,,,catalyst,speaker
766,kirstiejane,United Kingdom,GBR,,,,dra,speaker
767,klauer2207,United Kingdom,GBR,Cambridge,0.1186637,52.2055314,2,expert
768,klauer2207,United Kingdom,GBR,Cambridge,0.1186637,52.2055314,2,mentor
769,klauer2207,United Kingdom,GBR,Cambridge,0.1186637,52.2055314,5,expert
770,klauer2207,United Kingdom,GBR,Cambridge,0.1186637,52.2055314,5,mentor
771,kllewers,United States,USA,"Boulder, Co",-105.270545,40.0149856,8,participant
772,kmexter,Belgium,BEL,Oostende,2.9226366807233966,51.184683899999996,3,expert
773,koen-leuveld,Netherlands,NLD,Amsterdam,4.8924534,52.3730796,8,participant
774,koerding,United States,USA,Philadelphia,-75.1635262,39.9527237,6,expert
775,koerding,United States,USA,Philadelphia,-75.1635262,39.9527237,8,participant
776,kon0925,Greece,GRC,Heraklion,25.1332843,35.33908,3,participant
777,kookhu,Canada,CAN,,,,dra,participant
778,koudyk,Canada,CAN,,,,2,participant
779,kristinariemer,United States,USA,,,,1,participant
780,kswhitney,United States,USA,Rochester,-77.615214,43.157285,1,expert
781,kswhitney,United States,USA,Rochester,-77.615214,43.157285,3,expert
782,kswhitney,United States,USA,Rochester,-77.615214,43.157285,4,expert
783,kwade4,Canada,CAN,,,,dra,participant
784,lakillo,United Kingdom,GBR,,,,8,participant
785,lalmehlisy,Saudi Arabia,SAU,Riyadh,46.7160104,24.638916,4,participant
786,landimi2,Kenya,KEN,Nairobi,36.8288420082562,-1.3026148499999999,1,participant
787,landimi2,Kenya,KEN,Nairobi,36.8288420082562,-1.3026148499999999,3,mentor
788,landimi2,Kenya,KEN,Nairobi,36.8288420082562,-1.3026148499999999,4,facilitator
789,landimi2,Kenya,KEN,Nairobi,36.8288420082562,-1.3026148499999999,5,facilitator
790,landimi2,Kenya,KEN,Nairobi,36.8288420082562,-1.3026148499999999,6,mentor
791,landimi2,Kenya,KEN,Nairobi,36.8288420082562,-1.3026148499999999,7,mentor
792,landimi2,Kenya,KEN,Nairobi,36.8288420082562,-1.3026148499999999,7,mentor
793,landimi2,Kenya,KEN,Nairobi,36.8288420082562,-1.3026148499999999,8,expert
794,landimi2,Kenya,KEN,Nairobi,36.8288420082562,-1.3026148499999999,8,facilitator
795,landimi2,Kenya,KEN,Nairobi,36.8288420082562,-1.3026148499999999,catalyst,facilitator
796,lannalucchetti,Canada,CAN,,,,dra,participant
797,lauracarter,United States,USA,"Seattle, Usa",-122.330062,47.6038321,2,participant
798,lauracarter,United States,USA,"Seattle, Usa",-122.330062,47.6038321,3,expert
799,lauracarter,United States,USA,"Seattle, Usa",-122.330062,47.6038321,3,mentor
800,lauracarter,United States,USA,"Seattle, Usa",-122.330062,47.6038321,4,expert
801,lauracarter,United States,USA,"Seattle, Usa",-122.330062,47.6038321,5,expert
802,lauracarter,United States,USA,"Seattle, Usa",-122.330062,47.6038321,6,expert
803,lauracarter,United States,USA,"Seattle, Usa",-122.330062,47.6038321,7,expert
804,lauracarter,United States,USA,"Seattle, Usa",-122.330062,47.6038321,8,mentor
805,lauracarter,United States,USA,"Seattle, Usa",-122.330062,47.6038321,catalyst,speaker
806,lauracarter,United States,USA,"Seattle, Usa",-122.330062,47.6038321,dra,mentor
807,lauracarter,United States,USA,"Seattle, Usa",-122.330062,47.6038321,dra,mentor
808,lauracarter,United States,USA,"Seattle, Usa",-122.330062,47.6038321,dra,mentor
809,lauracarter,United States,USA,"Seattle, Usa",-122.330062,47.6038321,dra,speaker
810,lauracion,Argentina,ARG,Ciudad Autónoma De Buenos Aires,-58.43562340522388,-34.61612315,2,expert
811,lauracion,Argentina,ARG,Ciudad Autónoma De Buenos Aires,-58.43562340522388,-34.61612315,2,speaker
812,lauracion,Argentina,ARG,Ciudad Autónoma De Buenos Aires,-58.43562340522388,-34.61612315,3,expert
813,lauracion,Argentina,ARG,Ciudad Autónoma De Buenos Aires,-58.43562340522388,-34.61612315,3,mentor
814,lauracion,Argentina,ARG,Ciudad Autónoma De Buenos Aires,-58.43562340522388,-34.61612315,5,participant
815,lauracion,Argentina,ARG,Ciudad Autónoma De Buenos Aires,-58.43562340522388,-34.61612315,8,facilitator
816,lauradascenzi,Argentina,ARG,Córdoba,-4.7760138,37.8845813,8,participant
817,laurah-nyasita-ondari,Kenya,KEN,Nairobi,36.8288420082562,-1.3026148499999999,7,facilitator
818,laurah-nyasita-ondari,Kenya,KEN,Nairobi,36.8288420082562,-1.3026148499999999,8,facilitator
819,laurah-nyasita-ondari,Kenya,KEN,Nairobi,36.8288420082562,-1.3026148499999999,catalyst,facilitator
820,laurah-nyasita-ondari,Kenya,KEN,Nairobi,36.8288420082562,-1.3026148499999999,catalyst,mentor
821,lauramb8909,Colombia,COL,Bucaramanga,-73.1047294009737,7.16698415,7,participant
822,laurichi13,Spain,ESP,,,,2,participant
823,lazycipher,India,IND,,,,1,participant
824,lcamelo,Canada,CAN,,,,dra,participant
825,lcbreedt,Netherlands,NLD,Amsterdam,4.8924534,52.3730796,8,participant
826,lenny-teytelman,,,,,,3,speaker
827,lessa-maker,Cameroon,CMR,Yaoundé,11.5213344,3.8689867,7,participant
828,lessa-maker,Cameroon,CMR,Yaoundé,11.5213344,3.8689867,8,facilitator
829,lessa-maker,Cameroon,CMR,Yaoundé,11.5213344,3.8689867,catalyst,facilitator
830,lessa-maker,Cameroon,CMR,Yaoundé,11.5213344,3.8689867,dra,mentor
831,lessa-maker,Cameroon,CMR,Yaoundé,11.5213344,3.8689867,dra,mentor
832,lessa-maker,Cameroon,CMR,Yaoundé,11.5213344,3.8689867,dra,mentor
833,leticiamagpali,Canada,CAN,,,,dra,participant
834,likeajumprope,Netherlands,NLD,Nijmegen,5.8637771,51.8474946,dra,mentor
835,likeajumprope,Netherlands,NLD,Nijmegen,5.8637771,51.8474946,dra,mentor
836,likeajumprope,Netherlands,NLD,Nijmegen,5.8637771,51.8474946,dra,mentor
837,lilian9,Kenya,KEN,,,,1,participant
838,lilian9,Kenya,KEN,,,,2,mentor
839,lindaokpanachi028,Canada,CAN,,,,dra,participant
840,lisanna,Germany,DEU,Heidelberg,8.694724,49.4093582,4,participant
841,lisanna,Germany,DEU,Heidelberg,8.694724,49.4093582,5,mentor
842,lisanna,Germany,DEU,Heidelberg,8.694724,49.4093582,6,mentor
843,livabram,Canada,CAN,,,,dra,participant
844,lojain-hamwi,Canada,CAN,,,,dra,participant
845,lomaxboydphd,United States,USA,New York,-74.0060152,40.7127281,3,participant
846,loreleyls,United States,USA,Falmouth,-5.0688262,50.1552197,8,participant
847,loubez,South Africa,ZAF,Cape Town,18.417396,-33.928992,3,expert
848,loubez,South Africa,ZAF,Cape Town,18.417396,-33.928992,3,mentor
849,lpantano,Spain,ESP,,,,2,mentor
850,luispedro,China,CHN,Shanghai,121.4700152,31.2312707,1,expert
851,luispedro,China,CHN,Shanghai,121.4700152,31.2312707,1,mentor
852,luispedro,China,CHN,Shanghai,121.4700152,31.2312707,2,expert
853,luispedro,China,CHN,Shanghai,121.4700152,31.2312707,2,mentor
854,luispedro,China,CHN,Shanghai,121.4700152,31.2312707,5,expert
855,luispedro,China,CHN,Shanghai,121.4700152,31.2312707,5,mentor
856,luispedro,China,CHN,Shanghai,121.4700152,31.2312707,6,speaker
857,lukehare,United Kingdom,GBR,London,-0.14405508452768728,51.4893335,4,participant
858,lukehare,United Kingdom,GBR,London,-0.14405508452768728,51.4893335,5,participant
859,lulwama-mulalu,Canada,CAN,,,,dra,participant
860,lwbwalma,Netherlands,NLD,Delft,4.362724538543995,51.999457199999995,5,participant
861,lwinfree,United States,USA,Austin,-97.7436995,30.2711286,1,speaker
862,lwinfree,United States,USA,Austin,-97.7436995,30.2711286,2,expert
863,lwinfree,United States,USA,Austin,-97.7436995,30.2711286,2,speaker
864,lwinfree,United States,USA,Austin,-97.7436995,30.2711286,4,expert
865,lwinfree,United States,USA,Austin,-97.7436995,30.2711286,4,mentor
866,lwinfree,United States,USA,Austin,-97.7436995,30.2711286,5,speaker
867,lwinfree,United States,USA,Austin,-97.7436995,30.2711286,6,expert
868,lydiafrance,United Kingdom,GBR,London,-0.14405508452768728,51.4893335,4,participant
869,lydiafrance,United Kingdom,GBR,London,-0.14405508452768728,51.4893335,5,participant
870,macziatko,Ireland,IRL,Dublin,-6.2605593,53.3493795,6,participant
871,macziatko,Ireland,IRL,Dublin,-6.2605593,53.3493795,7,facilitator
872,macziatko,Ireland,IRL,Dublin,-6.2605593,53.3493795,7,mentor
873,macziatko,Ireland,IRL,Dublin,-6.2605593,53.3493795,8,expert
874,macziatko,Ireland,IRL,Dublin,-6.2605593,53.3493795,8,facilitator
875,macziatko,Ireland,IRL,Dublin,-6.2605593,53.3493795,8,mentor
876,magicmilly,United States,USA,,,,1,participant
877,mai-alajaji,Saudi Arabia,SAU,Riyadh,46.7160104,24.638916,4,participant
878,malloryfreeberg,United Kingdom,GBR,Cambridge,0.1186637,52.2055314,2,mentor
879,malloryfreeberg,United Kingdom,GBR,Cambridge,0.1186637,52.2055314,3,mentor
880,malloryfreeberg,United Kingdom,GBR,Cambridge,0.1186637,52.2055314,6,expert
881,malloryfreeberg,United Kingdom,GBR,Cambridge,0.1186637,52.2055314,6,mentor
882,malloryfreeberg,United Kingdom,GBR,Cambridge,0.1186637,52.2055314,6,speaker
883,malloryfreeberg,United Kingdom,GBR,Cambridge,0.1186637,52.2055314,8,mentor
884,malloryfreeberg,United Kingdom,GBR,Cambridge,0.1186637,52.2055314,catalyst,mentor
885,malvikasharan,United Kingdom,GBR,London,-0.14405508452768728,51.4893335,1,organizer
886,malvikasharan,United Kingdom,GBR,London,-0.14405508452768728,51.4893335,1,mentor
887,malvikasharan,United Kingdom,GBR,London,-0.14405508452768728,51.4893335,1,mentor
888,malvikasharan,United Kingdom,GBR,London,-0.14405508452768728,51.4893335,1,mentor
889,malvikasharan,United Kingdom,GBR,London,-0.14405508452768728,51.4893335,1,speaker
890,malvikasharan,United Kingdom,GBR,London,-0.14405508452768728,51.4893335,1,speaker
891,malvikasharan,United Kingdom,GBR,London,-0.14405508452768728,51.4893335,1,speaker
892,malvikasharan,United Kingdom,GBR,London,-0.14405508452768728,51.4893335,2,expert
893,malvikasharan,United Kingdom,GBR,London,-0.14405508452768728,51.4893335,2,organizer
894,malvikasharan,United Kingdom,GBR,London,-0.14405508452768728,51.4893335,2,mentor
895,malvikasharan,United Kingdom,GBR,London,-0.14405508452768728,51.4893335,2,mentor
896,malvikasharan,United Kingdom,GBR,London,-0.14405508452768728,51.4893335,3,expert
897,malvikasharan,United Kingdom,GBR,London,-0.14405508452768728,51.4893335,3,organizer
898,malvikasharan,United Kingdom,GBR,London,-0.14405508452768728,51.4893335,3,mentor
899,malvikasharan,United Kingdom,GBR,London,-0.14405508452768728,51.4893335,3,mentor
900,malvikasharan,United Kingdom,GBR,London,-0.14405508452768728,51.4893335,3,mentor
901,malvikasharan,United Kingdom,GBR,London,-0.14405508452768728,51.4893335,3,speaker
902,malvikasharan,United Kingdom,GBR,London,-0.14405508452768728,51.4893335,3,speaker
903,malvikasharan,United Kingdom,GBR,London,-0.14405508452768728,51.4893335,4,organizer
904,malvikasharan,United Kingdom,GBR,London,-0.14405508452768728,51.4893335,4,speaker
905,malvikasharan,United Kingdom,GBR,London,-0.14405508452768728,51.4893335,5,organizer
906,malvikasharan,United Kingdom,GBR,London,-0.14405508452768728,51.4893335,5,participant
907,malvikasharan,United Kingdom,GBR,London,-0.14405508452768728,51.4893335,5,mentor
908,malvikasharan,United Kingdom,GBR,London,-0.14405508452768728,51.4893335,5,mentor
909,malvikasharan,United Kingdom,GBR,London,-0.14405508452768728,51.4893335,5,mentor
910,malvikasharan,United Kingdom,GBR,London,-0.14405508452768728,51.4893335,5,speaker
911,malvikasharan,United Kingdom,GBR,London,-0.14405508452768728,51.4893335,6,organizer
912,malvikasharan,United Kingdom,GBR,London,-0.14405508452768728,51.4893335,6,mentor
913,malvikasharan,United Kingdom,GBR,London,-0.14405508452768728,51.4893335,6,speaker
914,malvikasharan,United Kingdom,GBR,London,-0.14405508452768728,51.4893335,7,organizer
915,malvikasharan,United Kingdom,GBR,London,-0.14405508452768728,51.4893335,7,mentor
916,malvikasharan,United Kingdom,GBR,London,-0.14405508452768728,51.4893335,7,speaker
917,malvikasharan,United Kingdom,GBR,London,-0.14405508452768728,51.4893335,8,organizer
918,malvikasharan,United Kingdom,GBR,London,-0.14405508452768728,51.4893335,8,speaker
919,malvikasharan,United Kingdom,GBR,London,-0.14405508452768728,51.4893335,8,speaker
920,malvikasharan,United Kingdom,GBR,London,-0.14405508452768728,51.4893335,catalyst,expert
921,malvikasharan,United Kingdom,GBR,London,-0.14405508452768728,51.4893335,catalyst,organizer
922,malvikasharan,United Kingdom,GBR,London,-0.14405508452768728,51.4893335,catalyst,mentor
923,malvikasharan,United Kingdom,GBR,London,-0.14405508452768728,51.4893335,catalyst,speaker
924,malvikasharan,United Kingdom,GBR,London,-0.14405508452768728,51.4893335,catalyst,speaker
925,malvikasharan,United Kingdom,GBR,London,-0.14405508452768728,51.4893335,catalyst,speaker
926,malvikasharan,United Kingdom,GBR,London,-0.14405508452768728,51.4893335,catalyst,speaker
927,malvikasharan,United Kingdom,GBR,London,-0.14405508452768728,51.4893335,catalyst,speaker
928,malvikasharan,United Kingdom,GBR,London,-0.14405508452768728,51.4893335,catalyst,speaker
929,malvikasharan,United Kingdom,GBR,London,-0.14405508452768728,51.4893335,catalyst,speaker
930,malvikasharan,United Kingdom,GBR,London,-0.14405508452768728,51.4893335,catalyst,speaker
931,malvikasharan,United Kingdom,GBR,London,-0.14405508452768728,51.4893335,dra,organizer
932,malvikasharan,United Kingdom,GBR,London,-0.14405508452768728,51.4893335,dra,speaker
933,malvikasharan,United Kingdom,GBR,London,-0.14405508452768728,51.4893335,dra,speaker
934,malvikasharan,United Kingdom,GBR,London,-0.14405508452768728,51.4893335,dra,speaker
935,malvikasharan,United Kingdom,GBR,London,-0.14405508452768728,51.4893335,dra,speaker
936,malvikasharan,United Kingdom,GBR,London,-0.14405508452768728,51.4893335,dra,speaker
937,malvikasharan,United Kingdom,GBR,London,-0.14405508452768728,51.4893335,dra,speaker
938,malvikasharan,United Kingdom,GBR,London,-0.14405508452768728,51.4893335,dra,speaker
939,manulera,United Kingdom,GBR,London,-0.1277653,51.5074456,4,facilitator
940,manulera,United Kingdom,GBR,London,-0.1277653,51.5074456,4,participant
941,manulera,United Kingdom,GBR,London,-0.1277653,51.5074456,5,facilitator
942,manulera,United Kingdom,GBR,London,-0.1277653,51.5074456,catalyst,mentor
943,marbarrantescepas,Spain,ESP,,,,8,participant
944,marcel-laflamme,United States,USA,,,,4,speaker
945,marco-madella,Spain,ESP,Barcelona,2.1774322,41.3828939,3,participant
946,marcoanteghini,Germany,DEU,Berlin,13.3888599,52.5170365,6,speaker
947,marcotxma,Germany,DEU,Munich,11.5753822,48.1371079,7,participant
948,maria-andrea-gonzales-castillo,Peru,PER,Lima,-77.0365256,-12.0621065,5,participant
949,maria-clara-heringer-lourenço,,,,,,7,participant
950,mariafrdias,Brazil,BRA,Macae,-41.7866922,-22.3712958,catalyst,participant
951,mariangelap,Italy,ITA,Genova,8.9338624,44.40726,5,participant
952,marie-nugent,United Kingdom,GBR,London,-0.14405508452768728,51.4893335,6,participant
953,mariehidjo,Zimbabwe,ZWE,Harare,31.0601584,-17.8567035,catalyst,participant
954,marielaraj,Argentina,ARG,Ciudad De Buenos Aires,-58.4370894,-34.6075682,7,participant
955,marielaraj,Argentina,ARG,Ciudad De Buenos Aires,-58.4370894,-34.6075682,8,mentor
956,marimeireles,Germany,DEU,Berlin,13.3888599,52.5170365,6,expert
957,marimeireles,Germany,DEU,Berlin,13.3888599,52.5170365,6,mentor
958,marimeireles,Germany,DEU,Berlin,13.3888599,52.5170365,8,speaker
959,markuskonk,Netherlands,NLD,Enschede,6.870595664097989,52.22336325,4,expert
960,marlouramaekers,Netherlands,NLD,Amsterdam,4.8924534,52.3730796,8,participant
961,marta-lloret-llinares,United Kingdom,GBR,Cambridge,0.1186637,52.2055314,3,expert
962,marta-marin,Spain,ESP,Madrid,-3.7035825,40.4167047,3,participant
963,martenson,Czechia,CZE,,,,2,expert
964,martinagvilas,Germany,DEU,Frankfurt Am Main,8.6820917,50.1106444,2,expert
965,martinagvilas,Germany,DEU,Frankfurt Am Main,8.6820917,50.1106444,2,mentor
966,martinagvilas,Germany,DEU,Frankfurt Am Main,8.6820917,50.1106444,3,expert
967,martinagvilas,Germany,DEU,Frankfurt Am Main,8.6820917,50.1106444,3,participant
968,martlj,United Kingdom,GBR,London,-0.14405508452768728,51.4893335,4,mentor
969,martlj,United Kingdom,GBR,London,-0.14405508452768728,51.4893335,6,expert
970,marzia-di-filippo,Italy,ITA,Milano,9.1896346,45.4641943,3,participant
971,masako-kaufmann,Germany,DEU,Freiburg,7.8494005,47.9960901,3,participant
972,mastertaj,Canada,CAN,,,,dra,participant
973,matouse,United Kingdom,GBR,London,-0.14405508452768728,51.4893335,6,expert
974,matuskalas,Norway,NOR,,,,1,participant
975,mblue9,Australia,AUS,,,,2,expert
976,mdbarker,Australia,AUS,,,,7,speaker
977,mdumancic-mcgill,Canada,CAN,,,,dra,participant
978,meagdoh,United States,USA,Washington,-77.0365427,38.8950368,2,expert
979,meagdoh,United States,USA,Washington,-77.0365427,38.8950368,2,mentor
980,meagdoh,United States,USA,Washington,-77.0365427,38.8950368,3,expert
981,meagdoh,United States,USA,Washington,-77.0365427,38.8950368,3,mentor
982,meagdoh,United States,USA,Washington,-77.0365427,38.8950368,4,expert
983,meagdoh,United States,USA,Washington,-77.0365427,38.8950368,4,mentor
984,meagdoh,United States,USA,Washington,-77.0365427,38.8950368,5,mentor
985,meagdoh,United States,USA,Washington,-77.0365427,38.8950368,7,speaker
986,megan-lisa-stock,,,,,,6,participant
987,megmugure,Kenya,KEN,Nairobi,36.8288420082562,-1.3026148499999999,1,participant
988,megmugure,Kenya,KEN,Nairobi,36.8288420082562,-1.3026148499999999,3,expert
989,megmuni,Canada,CAN,,,,dra,participant
990,mehak-chopra,India,IND,Puducherry,79.8306447,11.9340568,3,participant
991,melibleq,Brazil,BRA,São Paulo,-47.1583944,-1.2043218,6,expert
992,melibleq,Brazil,BRA,São Paulo,-47.1583944,-1.2043218,6,speaker
993,melibleq,Brazil,BRA,São Paulo,-47.1583944,-1.2043218,7,facilitator
994,melibleq,Brazil,BRA,São Paulo,-47.1583944,-1.2043218,7,mentor
995,melibleq,Brazil,BRA,São Paulo,-47.1583944,-1.2043218,8,participant
996,melleason,Canada,CAN,,,,dra,participant
997,memoll,Canada,CAN,,,,dra,participant
998,memoona-maah,Canada,CAN,,,,dra,participant
999,merrcury,India,IND,Kurukshetra,76.8482787,29.9693747,4,expert
1000,mesfind,Ethiopia,ETH,,,,2,mentor
1001,mgawe-cavin,Kenya,KEN,"Nairobi, Kenya",36.8288420082562,-1.3026148499999999,5,participant
1002,mgawe-cavin,Kenya,KEN,"Nairobi, Kenya",36.8288420082562,-1.3026148499999999,6,facilitator
1003,michael-addy,Ghana,GHA,Kumasi,-1.6233086,6.6985605,4,participant
1004,michael-addy,Ghana,GHA,Kumasi,-1.6233086,6.6985605,5,mentor
1005,michal-javornik,Czechia,CZE,Brno,16.6113382,49.1922443,3,participant
1006,michal-ruzicka,Czechia,CZE,Brno,16.6113382,49.1922443,3,participant
1007,miguel-silan,France,FRA,Metro Manila / Grenoble,,,7,expert
1008,miguel-silan,France,FRA,Metro Manila / Grenoble,,,8,speaker
1009,mihaelanemes,United Kingdom,GBR,London,-0.14405508452768728,51.4893335,3,participant
1010,miketrizna,United States,USA,"Washington, Dc",-77.0365427,38.8950368,7,participant
1011,milagro-urricariet,Argentina,ARG,Ciudad Autónoma De Buenos Aires,-58.4370894,-34.6075682,8,expert
1012,milagro-urricariet,Argentina,ARG,Ciudad Autónoma De Buenos Aires,-58.4370894,-34.6075682,8,participant
1013,milagros-miceli,Germany,DEU,Berlin,13.3888599,52.5170365,7,mentor
1014,mishrose123,United Kingdom,GBR,Cambridge,0.1186637,52.2055314,3,expert
1015,mitch-kitoi,Kenya,KEN,Nairobi,36.82884201813725,-1.3026148499999999,8,participant
1016,miytek,Netherlands,NLD,Delft,4.362724538543995,51.999457199999995,8,participant
1017,mkuzak,Netherlands,NLD,,,,1,expert
1018,mkuzak,Netherlands,NLD,,,,1,mentor
1019,mkuzak,Netherlands,NLD,,,,1,speaker
1020,mkuzak,Netherlands,NLD,,,,2,expert
1021,mkuzak,Netherlands,NLD,,,,2,speaker
1022,mlagisz,Canada,CAN,Edmonton,-113.491241,53.5462055,6,participant
1023,mlagisz,Canada,CAN,Edmonton,-113.491241,53.5462055,dra,mentor
1024,mlagisz,Canada,CAN,Edmonton,-113.491241,53.5462055,dra,mentor
1025,mldlopez,Canada,CAN,,,,dra,participant
1026,mloning,United Kingdom,GBR,,,,2,mentor
1027,mloning,United Kingdom,GBR,,,,2,participant
1028,mmasibidi,South Africa,ZAF,Potchefstroom,27.095833,-26.707778,8,participant
1029,moengels,,,,,,6,participant
1030,moh-hub1,Canada,CAN,,,,dra,participant
1031,mohan-gupta,Nepal,NPL,Kathmandu,85.3205817,27.708317,3,participant
1032,mona-zimmermann,Netherlands,NLD,Amsterdam,4.8924534,52.3730796,8,participant
1033,monica-alonso,Argentina,ARG,,,,8,participant
1034,monica-granados,,,,,,8,speaker
1035,monsurat-onabajo,Nigeria,NGA,,,,8,participant
1036,monsurat-onabajo,Nigeria,NGA,,,,catalyst,participant
1037,morphofun,United States,USA,,,,1,participant
1038,mqnifestkelvin,Nigeria,NGA,Lagos,3.3941795,6.4550575,catalyst,participant
1039,mruizvelley,Germany,DEU,,,,1,expert
1040,msundukova,Spain,ESP,Bilbao,-2.9350039,43.2630018,3,facilitator
1041,msundukova,Spain,ESP,Bilbao,-2.9350039,43.2630018,4,facilitator
1042,msundukova,Spain,ESP,Bilbao,-2.9350039,43.2630018,5,expert
1043,msundukova,Spain,ESP,Bilbao,-2.9350039,43.2630018,5,facilitator
1044,msundukova,Spain,ESP,Bilbao,-2.9350039,43.2630018,5,mentor
1045,msundukova,Spain,ESP,Bilbao,-2.9350039,43.2630018,6,expert
1046,msundukova,Spain,ESP,Bilbao,-2.9350039,43.2630018,6,facilitator
1047,msundukova,Spain,ESP,Bilbao,-2.9350039,43.2630018,6,mentor
1048,msundukova,Spain,ESP,Bilbao,-2.9350039,43.2630018,6,participant
1049,mt-bit,Canada,CAN,,,,dra,participant
1050,mtthsdzwn,Netherlands,NLD,Amsterdam,4.8924534,52.3730796,8,participant
1051,muhammetcelik,Turkey,TUR,,,,2,participant
1052,muhammetcelik,Turkey,TUR,,,,3,participant
1053,muhammetcelik,Turkey,TUR,,,,5,mentor
1054,musannagalib,Canada,CAN,,,,dra,participant
1055,mvdbeek,France,FRA,,,,1,expert
1056,mxrtinez,Colombia,COL,Bucaramanga,-73.1047294009737,7.16698415,3,participant
1057,mxrtinez,Colombia,COL,Bucaramanga,-73.1047294009737,7.16698415,4,expert
1058,mxrtinez,Colombia,COL,Bucaramanga,-73.1047294009737,7.16698415,4,mentor
1059,mxrtinez,Colombia,COL,Bucaramanga,-73.1047294009737,7.16698415,5,mentor
1060,mxrtinez,Colombia,COL,Bucaramanga,-73.1047294009737,7.16698415,6,expert
1061,mxrtinez,Colombia,COL,Bucaramanga,-73.1047294009737,7.16698415,6,speaker
1062,mxrtinez,Colombia,COL,Bucaramanga,-73.1047294009737,7.16698415,7,mentor
1063,mxrtinez,Colombia,COL,Bucaramanga,-73.1047294009737,7.16698415,7,participant
1064,mxrtinez,Colombia,COL,Bucaramanga,-73.1047294009737,7.16698415,8,mentor
1065,mxrtinez,Colombia,COL,Bucaramanga,-73.1047294009737,7.16698415,catalyst,expert
1066,mxrtinez,Colombia,COL,Bucaramanga,-73.1047294009737,7.16698415,catalyst,mentor
1067,myreille-larouche,Canada,CAN,,,,2,participant
1068,n-nsh,Canada,CAN,,,,dra,participant
1069,nadia-odaliz-chamana-chura,Peru,PER,Lima,-77.0365256,-12.0621065,5,participant
1070,nadiamcgill,Canada,CAN,,,,dra,participant
1071,nadinespy,United Kingdom,GBR,Brighton,-0.1400561,50.8214626,4,participant
1072,nadinespy,United Kingdom,GBR,Brighton,-0.1400561,50.8214626,6,expert
1073,nadinespy,United Kingdom,GBR,Brighton,-0.1400561,50.8214626,6,mentor
1074,nadinespy,United Kingdom,GBR,Brighton,-0.1400561,50.8214626,8,expert
1075,nadinespy,United Kingdom,GBR,Brighton,-0.1400561,50.8214626,8,mentor
1076,nadza-dzinalija,,,,,,8,participant
1077,nahuele,Argentina,ARG,Vicente Lopez,-58.5036282,-34.5244484,7,participant
1078,nanje-patrick-itarngoh,Cameroon,CMR,Buea,9.2315519,4.1567995,8,participant
1079,naralb,Brazil,BRA,,,,1,participant
1080,natalie-banner,United Kingdom,GBR,London,-0.14405508452768728,51.4893335,3,speaker
1081,natalie-banner,United Kingdom,GBR,London,-0.14405508452768728,51.4893335,6,mentor
1082,natasha_wood,South Africa,ZAF,Cape Town,18.417396,-33.928992,2,speaker
1083,nathanael-kedmayla,Cameroon,CMR,Yaounde,11.5213344,3.8689867,7,participant
1084,natty2012,Kenya,KEN,,,,2,participant
1085,ndwoods,Canada,CAN,,,,dra,participant
1086,nea-bridget,United Kingdom,GBR,London,-0.14405508452768728,51.4893335,5,participant
1087,nehamoopen,Netherlands,NLD,,,,2,participant
1088,nelson-franco,Bolivia,,Cochabamba,-66.1568983,-17.3936114,5,participant
1089,nerantzis,Greece,GRC,,,,1,expert
1090,nerantzis,Greece,GRC,,,,2,expert
1091,nessa111987,United Kingdom,GBR,Oxford,-1.2578499,51.7520131,8,expert
1092,nick-barlow,United Kingdom,GBR,,,,4,speaker
1093,nickynicolson,United Kingdom,GBR,London,-0.14405508452768728,51.4893335,6,participant
1094,nickynicolson,United Kingdom,GBR,London,-0.14405508452768728,51.4893335,7,participant
1095,nickynicolson,United Kingdom,GBR,London,-0.14405508452768728,51.4893335,8,mentor
1096,niels-reijner,Netherlands,NLD,Amsterdam,4.8924534,52.3730796,8,participant
1097,nihadalsayed,Sudan,SDN,Port Sudan,37.211709,19.619217,catalyst,participant
1098,nihansultan,Turkey,TUR,İstanbul,29.052495,41.0766019,3,participant
1099,nihansultan,Turkey,TUR,İstanbul,29.052495,41.0766019,5,participant
1100,nikoleta-v3,,,,,,4,speaker
1101,nilabha1512,,,,,,6,participant
1102,niloohooman,Canada,CAN,,,,dra,participant
1103,nilson-coimbra,Brazil,BRA,Sao Paulo,-46.6333824,-23.5506507,catalyst,participant
1104,nina-roux,,,,,,6,participant
1105,nishith-mishra,Canada,CAN,,,,dra,participant
1106,nlois,Argentina,ARG,Buenos Aires,-58.4370894,-34.6075682,8,participant
1107,nodiraibrogimova,Uzbekistan,UZB,Tashkent,69.2787079,41.3123363,5,participant
1108,nomadscientist,United Kingdom,GBR,Cambridge,0.1186637,52.2055314,3,expert
1109,nomalu,South Africa,ZAF,Pretoria,28.1879101,-25.7459277,6,participant
1110,npalopoli,Argentina,ARG,Buenos Aires,-58.4370894,-34.6075682,2,expert
1111,npalopoli,Argentina,ARG,Buenos Aires,-58.4370894,-34.6075682,3,expert
1112,npalopoli,Argentina,ARG,Buenos Aires,-58.4370894,-34.6075682,8,mentor
1113,npalopoli,Argentina,ARG,Buenos Aires,-58.4370894,-34.6075682,8,participant
1114,npch,,,,,,3,speaker
1115,npdebs,Nigeria,NGA,Port Harcourt.,7.0188527,4.7676576,7,participant
1116,npdebs,Nigeria,NGA,Port Harcourt.,7.0188527,4.7676576,8,facilitator
1117,npdebs,Nigeria,NGA,Port Harcourt.,7.0188527,4.7676576,catalyst,expert
1118,npscience,United Kingdom,GBR,,,,1,expert
1119,npscience,United Kingdom,GBR,,,,1,mentor
1120,npscience,United Kingdom,GBR,,,,2,expert
1121,npscience,United Kingdom,GBR,,,,2,mentor
1122,npscience,United Kingdom,GBR,,,,4,expert
1123,nsoranzo,United Kingdom,GBR,,,,1,expert
1124,nwakaego-gloria-ashiegbu,Nigeria,NGA,Umudike / Abia State,7.533333,5.5,8,participant
1125,nyashalorrainemapira,Zimbabwe,ZWE,Harare,31.0601584,-17.8567035,catalyst,participant
1126,nyasita,Kenya,KEN,Nairobi,36.82884201813725,-1.3026148499999999,6,participant
1127,nyasita,Kenya,KEN,Nairobi,36.82884201813725,-1.3026148499999999,7,mentor
1128,nyasita,Kenya,KEN,Nairobi,36.82884201813725,-1.3026148499999999,8,mentor
1129,olayile,South Africa,ZAF,Pretoria,28.1879101,-25.7459277,3,participant
1130,olexandr-konovalov,United Kingdom / Ukraine,,,,,7,speaker
1131,olsjuju,South Korea,,Seoul,126.9782914,37.5666791,5,participant
1132,olsjuju,South Korea,,Seoul,126.9782914,37.5666791,6,mentor
1133,olufemi-adesope,Nigeria,NGA,Port Harcourt,7.0188527,4.7676576,8,participant
1134,onwumere.joseph,Nigeria,NGA,"Umudike, Abia State",7.533333,5.5,8,participant
1135,orchid00,Australia,AUS,,,,1,expert
1136,orchid00,Australia,AUS,,,,2,expert
1137,orchid00,Australia,AUS,,,,2,speaker
1138,osatashamim,Kenya,KEN,Nairobi,36.8288420082562,-1.3026148499999999,6,participant
1139,pageneck,Zimbabwe,ZWE,Harare,31.0601584,-17.8567035,catalyst,participant
1140,paolo-pedaletti,Italy,ITA,Milano,9.1896346,45.4641943,3,participant
1141,patriloto,Argentina,ARG,Resistencia - Chaco,-59.19320025100798,-27.6048829,7,participant
1142,patriloto,Argentina,ARG,Resistencia - Chaco,-59.19320025100798,-27.6048829,8,mentor
1143,paulinegachanja,Kenya,KEN,Kilifi,39.67507159193717,-3.15073925,8,participant
1144,paulineligonie,Canada,CAN,,,,2,participant
1145,paulmaxus,Netherlands,NLD,Amsterdam,4.8924534,52.3730796,8,participant
1146,paulowoicho,Nigeria,NGA,,,,2,participant
1147,paulvill,France,FRA,,,,2,expert
1148,pazbc,Argentina,ARG,,,,5,organizer
1149,pazbc,Argentina,ARG,,,,6,organizer
1150,pazbc,Argentina,ARG,,,,6,speaker
1151,pazbc,Argentina,ARG,,,,6,speaker
1152,pazbc,Argentina,ARG,,,,7,organizer
1153,pazbc,Argentina,ARG,,,,7,speaker
1154,pazbc,Argentina,ARG,,,,8,organizer
1155,pazmiguez,Argentina,ARG,Buenos Aires,-58.4370894,-34.6075682,8,expert
1156,pazmiguez,Argentina,ARG,Buenos Aires,-58.4370894,-34.6075682,8,participant
1157,peranti,France,FRA,Paris,2.3200410217200766,48.8588897,7,facilitator
1158,peranti,France,FRA,Paris,2.3200410217200766,48.8588897,8,facilitator
1159,peranti,France,FRA,Paris,2.3200410217200766,48.8588897,catalyst,facilitator
1160,pescini,Italy,ITA,Milan,9.1896346,45.4641943,3,participant
1161,pescini,Italy,ITA,Milan,9.1896346,45.4641943,4,mentor
1162,petraag,Cameroon,CMR,Bamenda,10.1516505,5.9614117,7,participant
1163,phaarouknucleus,Nigeria,NGA,Kano,8.5364136,11.8948389,6,participant
1164,phaarouknucleus,Nigeria,NGA,Kano,8.5364136,11.8948389,7,facilitator
1165,phaarouknucleus,Nigeria,NGA,Kano,8.5364136,11.8948389,7,speaker
1166,phaarouknucleus,Nigeria,NGA,Kano,8.5364136,11.8948389,8,expert
1167,phaarouknucleus,Nigeria,NGA,Kano,8.5364136,11.8948389,8,facilitator
1168,phaarouknucleus,Nigeria,NGA,Kano,8.5364136,11.8948389,8,mentor
1169,phaarouknucleus,Nigeria,NGA,Kano,8.5364136,11.8948389,8,mentor
1170,phaarouknucleus,Nigeria,NGA,Kano,8.5364136,11.8948389,dra,mentor
1171,phaarouknucleus,Nigeria,NGA,Kano,8.5364136,11.8948389,dra,mentor
1172,phaarouknucleus,Nigeria,NGA,Kano,8.5364136,11.8948389,dra,mentor
1173,pherterich,United Kingdom,GBR,Edinburgh,-3.1883749,55.9533456,1,expert
1174,pherterich,United Kingdom,GBR,Edinburgh,-3.1883749,55.9533456,1,mentor
1175,pherterich,United Kingdom,GBR,Edinburgh,-3.1883749,55.9533456,1,mentor
1176,pherterich,United Kingdom,GBR,Edinburgh,-3.1883749,55.9533456,2,expert
1177,pherterich,United Kingdom,GBR,Edinburgh,-3.1883749,55.9533456,2,mentor
1178,pherterich,United Kingdom,GBR,Edinburgh,-3.1883749,55.9533456,4,speaker
1179,pherterich,United Kingdom,GBR,Edinburgh,-3.1883749,55.9533456,5,expert
1180,pherterich,United Kingdom,GBR,Edinburgh,-3.1883749,55.9533456,5,mentor
1181,pherterich,United Kingdom,GBR,Edinburgh,-3.1883749,55.9533456,6,expert
1182,pherterich,United Kingdom,GBR,Edinburgh,-3.1883749,55.9533456,7,mentor
1183,piero-beraun,Peru,PER,Lima,-77.0365256,-12.0621065,5,participant
1184,pinheirochagas,United States,USA,San Francisco,-122.419906,37.7790262,5,participant
1185,pivg,United Kingdom,GBR,Cambridge,0.1186637,52.2055314,2,mentor
1186,pivg,United Kingdom,GBR,Cambridge,0.1186637,52.2055314,3,expert
1187,pivg,United Kingdom,GBR,Cambridge,0.1186637,52.2055314,3,mentor
1188,pivg,United Kingdom,GBR,Cambridge,0.1186637,52.2055314,5,speaker
1189,pivg,United Kingdom,GBR,Cambridge,0.1186637,52.2055314,6,speaker
1190,pol-arranz-gibert,,,,,,6,participant
1191,pradeep-eranti,France,FRA,,,,2,participant
1192,pradeep-eranti,France,FRA,,,,8,mentor
1193,pradeep-eranti,France,FRA,,,,dra,mentor
1194,pradeep-eranti,France,FRA,,,,dra,mentor
1195,pradeep-eranti,France,FRA,,,,dra,mentor
1196,prakriti-karki,Nepal,NPL,Kathmandu,85.3205817,27.708317,3,participant
1197,prashbio,India,IND,Jaipur,75.8189817,26.9154576,3,expert
1198,prashbio,India,IND,Jaipur,75.8189817,26.9154576,3,participant
1199,prashbio,India,IND,Jaipur,75.8189817,26.9154576,3,mentor
1200,princehoodie,Argentina,ARG,Buenos Aires,-58.4370894,-34.6075682,4,participant
1201,proccaserra,United Kingdom,GBR,Oxford,-1.2578499,51.7520131,2,speaker
1202,proccaserra,United Kingdom,GBR,Oxford,-1.2578499,51.7520131,3,expert
1203,profgiuseppe,Italy,ITA,Bologna,11.3426327,44.4938203,1,expert
1204,profgiuseppe,Italy,ITA,Bologna,11.3426327,44.4938203,2,expert
1205,profgiuseppe,Italy,ITA,Bologna,11.3426327,44.4938203,3,expert
1206,profgiuseppe,Italy,ITA,Bologna,11.3426327,44.4938203,4,expert
1207,profgiuseppe,Italy,ITA,Bologna,11.3426327,44.4938203,6,expert
1208,profgiuseppe,Italy,ITA,Bologna,11.3426327,44.4938203,8,expert
1209,pvanheus,South Africa,ZAF,,,,2,participant
1210,pvanheus,South Africa,ZAF,,,,6,participant
1211,r-huo,Netherlands,NLD,Delft,4.362724538543995,51.999457199999995,6,participant
1212,rainsworth,United Kingdom,GBR,Manchester,-2.2451148,53.4794892,1,expert
1213,rainsworth,United Kingdom,GBR,Manchester,-2.2451148,53.4794892,2,expert
1214,rainsworth,United Kingdom,GBR,Manchester,-2.2451148,53.4794892,2,speaker
1215,rainsworth,United Kingdom,GBR,Manchester,-2.2451148,53.4794892,3,expert
1216,raoofphysics,United Kingdom,GBR,Bristol,-2.5972985,51.4538022,5,participant
1217,raphaels1,United Kingdom,GBR,London,-0.14405508452768728,51.4893335,5,expert
1218,rebcamsan,Costa Rica,CRI,San Jose,-121.890591,37.3361663,catalyst,participant
1219,reinout-de-vries,Netherlands,NLD,Amsterdam,4.8924534,52.3730796,8,participant
1220,rgaiacs,Brazil,BRA,,,,2,expert
1221,rgaiacs,Brazil,BRA,,,,2,mentor
1222,rgaiacs,Brazil,BRA,,,,5,speaker
1223,rgiessmann,Germany,DEU,Berlin,13.3989367,52.510885,8,participant
1224,rgiessmann,Germany,DEU,Berlin,13.3989367,52.510885,dra,mentor
1225,rgiessmann,Germany,DEU,Berlin,13.3989367,52.510885,dra,mentor
1226,rhoné-roux,,,,,,6,participant
1227,ria-arora,Canada,CAN,,,,dra,participant
1228,richarddushime,Uganda,UGA,Kampala,32.5813539,0.3177137,7,participant
1229,richarddushime,Uganda,UGA,Kampala,32.5813539,0.3177137,8,expert
1230,rivaquiroga,Chile,CHL,Valparaíso,-71.6196749,-33.0458456,7,mentor
1231,rivaquiroga,Chile,CHL,Valparaíso,-71.6196749,-33.0458456,8,mentor
1232,rivaquiroga,Chile,CHL,Valparaíso,-71.6196749,-33.0458456,dra,mentor
1233,rlwhall,Canada,CAN,,,,dra,participant
1234,robandeep-kaur,India,IND,Jalandhar,75.576889,31.3323762,3,participant
1235,robert-schreiber,South Africa,ZAF,Hermanus,19.2361111,-34.4175,5,participant
1236,robin-lewando,Ireland,IRL,Drimoleague,-9.2599704,51.6608501,3,participant
1237,rodrigocam,Brazil,BRA,,,,1,mentor
1238,romina-pendino,Argentina,ARG,"Rosario, Santa Fe",-60.6617024,-32.9593609,8,participant
1239,romina-trinchin,Uruguay,URY,Montevideo,-56.1913095,-34.9058916,8,participant
1240,romullo-lima,Brazil,BRA,Rio De Janeiro,-43.2093727,-22.9110137,6,participant
1241,roné-wierenga,South Africa,ZAF,Pretoria,28.1879101,-25.7459277,8,participant
1242,rossmounce,United Kingdom,GBR,,,,2,expert
1243,rowlandm,Australia,AUS,,,,3,speaker
1244,rowlandm,Australia,AUS,,,,5,speaker
1245,rowlandm,Australia,AUS,,,,7,mentor
1246,ruben-lacroix,Netherlands,NLD,Amsterdam,4.8924534,52.3730796,8,participant
1247,ruben-tjhie,Canada,CAN,,,,dra,participant
1248,rukynas,Portugal,PRT,Porto,-8.6107884,41.1494512,3,participant
1249,rushda-patel,India,IND,,,,6,participant
1250,sairajdillikar,India,IND,Mysore,76.6553609,12.3051828,5,participant
1251,samguay,Canada,CAN,,,,1,participant
1252,samguay,Canada,CAN,,,,2,mentor
1253,samuelorion,Canada,CAN,,,,2,participant
1254,samvanstroud,United Kingdom,GBR,London,-0.14405508452768728,51.4893335,2,participant
1255,samvanstroud,United Kingdom,GBR,London,-0.14405508452768728,51.4893335,3,expert
1256,samvanstroud,United Kingdom,GBR,London,-0.14405508452768728,51.4893335,4,speaker
1257,sanchezw17,Canada,CAN,,,,dra,participant
1258,sandra-larriega,Peru,PER,Ñima,23.8675381,47.0759396,5,participant
1259,sandrine-kengne,Cameroon,CMR,Yaounde,11.5213344,3.8689867,7,participant
1260,sansharif,Canada,CAN,,,,dra,participant
1261,santi-rello-varona,Spain,ESP,Madrid,-3.7035825,40.4167047,3,participant
1262,santosrac,Brazil,BRA,Piracicaba,-47.6493269,-22.725165,2,expert
1263,santosrac,Brazil,BRA,Piracicaba,-47.6493269,-22.725165,5,expert
1264,sapetti9,Italy,ITA,Bologna,11.3426327,44.4938203,6,expert
1265,sapetti9,Italy,ITA,Bologna,11.3426327,44.4938203,6,speaker
1266,sarah-lippincott,United States,USA,,,,8,speaker
1267,sarah-nietopski,United Kingdom,GBR,London,-0.14405508452768728,51.4893335,5,participant
1268,saranjeetkaur,India,IND,Gurgaon,77.00270014657752,28.42826235,4,participant
1269,saranjeetkaur,India,IND,Gurgaon,77.00270014657752,28.42826235,6,participant
1270,saranjeetkaur,India,IND,Gurgaon,77.00270014657752,28.42826235,7,mentor
1271,saranjeetkaur,India,IND,Gurgaon,77.00270014657752,28.42826235,8,mentor
1272,saranjeetkaur,India,IND,Gurgaon,77.00270014657752,28.42826235,dra,mentor
1273,saravilla,United Kingdom,GBR,London,-0.14405508452768728,51.4893335,4,participant
1274,saravilla,United Kingdom,GBR,London,-0.14405508452768728,51.4893335,5,mentor
1275,saravilla,United Kingdom,GBR,London,-0.14405508452768728,51.4893335,6,expert
1276,saravilla,United Kingdom,GBR,London,-0.14405508452768728,51.4893335,6,mentor
1277,saravilla,United Kingdom,GBR,London,-0.14405508452768728,51.4893335,7,mentor
1278,saravilla,United Kingdom,GBR,London,-0.14405508452768728,51.4893335,8,expert
1279,saravilla,United Kingdom,GBR,London,-0.14405508452768728,51.4893335,8,mentor
1280,saravilla,United Kingdom,GBR,London,-0.14405508452768728,51.4893335,dra,mentor
1281,sarenaz,Kazakhstan,KAZ,Astana (Nursultan),71.4306682,51.1282205,5,participant
1282,saryace,Chile,CHL,Santiago,-83.7980749,9.8694792,7,participant
1283,saskiafreytag,Australia,AUS,Melbourne,144.9631732,-37.8142454,8,speaker
1284,satagopam7,Luxembourg,LUX,,,,1,expert
1285,sayalaruano,Netherlands,NLD,Maastricht,5.6969881818221095,50.85798545,4,participant
1286,sayalaruano,Netherlands,NLD,Maastricht,5.6969881818221095,50.85798545,5,mentor
1287,sayalaruano,Netherlands,NLD,Maastricht,5.6969881818221095,50.85798545,6,expert
1288,sayalaruano,Netherlands,NLD,Maastricht,5.6969881818221095,50.85798545,6,speaker
1289,sayalaruano,Netherlands,NLD,Maastricht,5.6969881818221095,50.85798545,7,mentor
1290,sayalaruano,Netherlands,NLD,Maastricht,5.6969881818221095,50.85798545,8,mentor
1291,scottbgi,Hong Kong,HKG,,,,8,speaker
1292,sdopoku,Ghana,GHA,,,,2,expert
1293,sdopoku,Ghana,GHA,,,,2,mentor
1294,sdopoku,Ghana,GHA,,,,2,speaker
1295,sdopoku,Ghana,GHA,,,,3,speaker
1296,sdruskat,Germany,DEU,,,,4,speaker
1297,sdruskat,Germany,DEU,,,,5,speaker
1298,sebastian-ayala-ruano,Denmark,DNK,Copenhagen,12.5700724,55.6867243,catalyst,mentor
1299,sebastianeggert,Germany,DEU,,,,2,participant
1300,selgebali,Sweden,SWE,Gothenburg,-100.1619896,40.9277324,4,expert
1301,selgebali,Sweden,SWE,Gothenburg,-100.1619896,40.9277324,4,speaker
1302,selgebali,Sweden,SWE,Gothenburg,-100.1619896,40.9277324,5,expert
1303,selgebali,Sweden,SWE,Gothenburg,-100.1619896,40.9277324,5,mentor
1304,selgebali,Sweden,SWE,Gothenburg,-100.1619896,40.9277324,6,expert
1305,selgebali,Sweden,SWE,Gothenburg,-100.1619896,40.9277324,6,mentor
1306,selgebali,Sweden,SWE,Gothenburg,-100.1619896,40.9277324,8,mentor
1307,serahrono,Estonia,EST,Tallinn,24.7453688,59.4372155,3,expert
1308,seunolufemi123,Nigeria,NGA,Abuja,7.4892974,9.0643305,7,participant
1309,seunolufemi123,Nigeria,NGA,Abuja,7.4892974,9.0643305,8,expert
1310,seunolufemi123,Nigeria,NGA,Abuja,7.4892974,9.0643305,8,facilitator
1311,seunolufemi123,Nigeria,NGA,Abuja,7.4892974,9.0643305,catalyst,participant
1312,sgibson91,United Kingdom,GBR,London,-0.14405508452768728,51.4893335,2,expert
1313,sgibson91,United Kingdom,GBR,London,-0.14405508452768728,51.4893335,2,mentor
1314,sgibson91,United Kingdom,GBR,London,-0.14405508452768728,51.4893335,3,expert
1315,sgibson91,United Kingdom,GBR,London,-0.14405508452768728,51.4893335,3,participant
1316,sgibson91,United Kingdom,GBR,London,-0.14405508452768728,51.4893335,3,mentor
1317,sgsfak,,,,,,3,participant
1318,shaychavoshian,Canada,CAN,,,,dra,participant
1319,shmuhammad2004,Nigeria,NGA,Kano,8.5364136,11.8948389,3,participant
1320,shurui-zhou,Canada,CAN,Toronto,-79.3839347,43.6534817,dra,mentor
1321,silvia-di-giorgio,Germany,DEU,Cologne,0.9774958,43.7218277,dra,mentor
1322,silvia-di-giorgio,Germany,DEU,Cologne,0.9774958,43.7218277,dra,mentor
1323,silvia-di-giorgio,Germany,DEU,Cologne,0.9774958,43.7218277,dra,mentor
1324,simplice94,Canada,CAN,,,,dra,participant
1325,sithyphus,United States,USA,,,,1,participant
1326,sivasubramanian-murugappan,Ireland,IRL,Limerick,-8.6301239,52.661252,7,participant
1327,sjb287,United States,USA,Urbana,-88.207301,40.1117174,3,participant
1328,sk-sahu,India,IND,,,,2,participant
1329,sladjana-lukic,United States,USA,New York City,-74.0060152,40.7127281,5,participant
1330,slldec,Argentina,ARG,Buenos Aires,-58.4440583,-34.6083696,5,participant
1331,slldec,Argentina,ARG,Buenos Aires,-58.4440583,-34.6083696,7,facilitator
1332,slldec,Argentina,ARG,Buenos Aires,-58.4440583,-34.6083696,7,mentor
1333,slldec,Argentina,ARG,Buenos Aires,-58.4440583,-34.6083696,dra,mentor
1334,slldec,Argentina,ARG,Buenos Aires,-58.4440583,-34.6083696,dra,mentor
1335,smhall97,United Kingdom,GBR,Oxford,-1.2578499,51.7520131,6,mentor
1336,smhall97,United Kingdom,GBR,Oxford,-1.2578499,51.7520131,7,participant
1337,smhall97,United Kingdom,GBR,Oxford,-1.2578499,51.7520131,8,mentor
1338,smklusza,United States,USA,Morrow,-82.7771661,40.4574358,2,participant
1339,smklusza,United States,USA,Morrow,-82.7771661,40.4574358,3,expert
1340,smklusza,United States,USA,Morrow,-82.7771661,40.4574358,3,mentor
1341,smklusza,United States,USA,Morrow,-82.7771661,40.4574358,4,expert
1342,smklusza,United States,USA,Morrow,-82.7771661,40.4574358,5,mentor
1343,snovin24,Canada,CAN,,,,dra,participant
1344,sofia-kirke-forslund,Germany,DEU,Berlin,13.3888599,52.5170365,2,expert
1345,sonibk,Kenya,KEN,,,,2,participant
1346,sorenaazarhazin71,Canada,CAN,,,,dra,participant
1347,spitschan,Germany,DEU,Munich,11.5753822,48.1371079,3,participant
1348,spitschan,Germany,DEU,Munich,11.5753822,48.1371079,7,participant
1349,stacey-koornneef,Canada,CAN,,,,dra,participant
1350,stefan-gaillard,Netherlands,NLD,,,,2,participant
1351,stefaniebutland,Canada,CAN,Kamloops,-120.339415,50.6758269,3,expert
1352,stefaniebutland,Canada,CAN,Kamloops,-120.339415,50.6758269,5,expert
1353,stefaniebutland,Canada,CAN,Kamloops,-120.339415,50.6758269,8,speaker
1354,steve4tu.github.io,Canada,CAN,,,,dra,participant
1355,sudarshangc,Nepal,NPL,,,,1,participant
1356,sudhipv,Canada,CAN,,,,dra,participant
1357,susan-njuki,Kenya,KEN,,,,catalyst,participant
1358,susana465,United Kingdom,GBR,,,,6,participant
1359,tai-rocha,Brazil,BRA,Rio De Janeiro,-43.2093727,-22.9110137,2,participant
1360,tai-rocha,Brazil,BRA,Rio De Janeiro,-43.2093727,-22.9110137,3,expert
1361,tajuddeen1,Nigeria,NGA,,,,8,mentor
1362,tajuddeen1,Nigeria,NGA,,,,catalyst,organizer
1363,tajuddeen1,Nigeria,NGA,,,,catalyst,mentor
1364,tajuddeen1,Nigeria,NGA,,,,catalyst,speaker
1365,tajuddeen1,Nigeria,NGA,,,,catalyst,speaker
1366,taladejebi,Canada,CAN,,,,dra,participant
1367,tallmar,,,,,,6,expert
1368,teddygroves,Denmark,DNK,Copenhagen,12.5700724,55.6867243,8,participant
1369,teresa-cisneros,United Kingdom,GBR,London,-0.14405508452768728,51.4893335,5,expert
1370,teresa-m,Germany,DEU,Freiburg,7.8494005,47.9960901,3,participant
1371,azam-dashti,Canada,CAN,,,,dra,participant
1372,thatspacegirl,India,IND,Bengaluru,77.590082,12.9767936,4,participant
1373,thatspacegirl,India,IND,Bengaluru,77.590082,12.9767936,5,participant
1374,thessaly,United Kingdom,GBR,Bristol,-2.5972985,51.4538022,1,speaker
1375,thessaly,United Kingdom,GBR,Bristol,-2.5972985,51.4538022,2,expert
1376,thessaly,United Kingdom,GBR,Bristol,-2.5972985,51.4538022,2,speaker
1377,thessaly,United Kingdom,GBR,Bristol,-2.5972985,51.4538022,3,expert
1378,thessaly,United Kingdom,GBR,Bristol,-2.5972985,51.4538022,4,expert
1379,thomas-mboa,Cameroon,CMR,,,,3,speaker
1380,tklingstrom,Sweden,SWE,,,,2,expert
1381,tlaguna,Spain,ESP,Madrid,-3.7035825,40.4167047,2,participant
1382,tlaguna,Spain,ESP,Madrid,-3.7035825,40.4167047,3,mentor
1383,tnabtaf,United States,USA,,,,2,expert
1384,tnabtaf,United States,USA,,,,2,mentor
1385,tnabtaf,United States,USA,,,,4,expert
1386,tnabtaf,United States,USA,,,,4,mentor
1387,tobyhodges,Germany,DEU,Heidelberg,8.694724,49.4093582,1,mentor
1388,tobyhodges,Germany,DEU,Heidelberg,8.694724,49.4093582,2,expert
1389,tobyhodges,Germany,DEU,Heidelberg,8.694724,49.4093582,3,expert
1390,tobyhodges,Germany,DEU,Heidelberg,8.694724,49.4093582,3,mentor
1391,tobyhodges,Germany,DEU,Heidelberg,8.694724,49.4093582,3,mentor
1392,tobyhodges,Germany,DEU,Heidelberg,8.694724,49.4093582,6,expert
1393,tobyhodges,Germany,DEU,Heidelberg,8.694724,49.4093582,8,speaker
1394,tokioblues,Argentina,ARG,Salta,-64.3494964,-25.1076701,8,participant
1395,torigijzen,Netherlands,NLD,Amsterdam,4.8924534,52.3730796,8,participant
1396,toub1,Canada,CAN,,,,dra,participant
1397,trallard,United Kingdom,GBR,Manchester,-2.2451148,53.4794892,2,speaker
1398,trevor-hamlin,,,,,,8,participant
1399,tsonika,Australia,AUS,Melbourne,144.9631732,-37.8142454,2,expert
1400,tsonika,Australia,AUS,Melbourne,144.9631732,-37.8142454,2,mentor
1401,tsonika,Australia,AUS,Melbourne,144.9631732,-37.8142454,3,expert
1402,tsonika,Australia,AUS,Melbourne,144.9631732,-37.8142454,3,mentor
1403,ugognw,Canada,CAN,,,,dra,participant
1404,ujwal-shrestha,Nepal,NPL,Kathmandu,85.3205817,27.708317,3,participant
1405,umutpajaro,Colombia,COL,Cartagena,-75.5441671,10.4265566,7,participant
1406,umutpajaro,Colombia,COL,Cartagena,-75.5441671,10.4265566,8,mentor
1407,umutpajaro,Colombia,COL,Cartagena,-75.5441671,10.4265566,dra,mentor
1408,umutpajaro,Colombia,COL,Cartagena,-75.5441671,10.4265566,dra,mentor
1409,umutpajaro,Colombia,COL,Cartagena,-75.5441671,10.4265566,dra,mentor
1410,unode,Germany,DEU,Heidelberg,8.694724,49.4093582,1,expert
1411,unode,Germany,DEU,Heidelberg,8.694724,49.4093582,1,mentor
1412,unode,Germany,DEU,Heidelberg,8.694724,49.4093582,1,participant
1413,unode,Germany,DEU,Heidelberg,8.694724,49.4093582,2,expert
1414,unode,Germany,DEU,Heidelberg,8.694724,49.4093582,2,mentor
1415,unode,Germany,DEU,Heidelberg,8.694724,49.4093582,2,speaker
1416,unode,Germany,DEU,Heidelberg,8.694724,49.4093582,3,expert
1417,unode,Germany,DEU,Heidelberg,8.694724,49.4093582,3,mentor
1418,unode,Germany,DEU,Heidelberg,8.694724,49.4093582,3,mentor
1419,unode,Germany,DEU,Heidelberg,8.694724,49.4093582,3,speaker
1420,unode,Germany,DEU,Heidelberg,8.694724,49.4093582,4,expert
1421,unode,Germany,DEU,Heidelberg,8.694724,49.4093582,4,mentor
1422,unode,Germany,DEU,Heidelberg,8.694724,49.4093582,5,mentor
1423,unode,Germany,DEU,Heidelberg,8.694724,49.4093582,5,speaker
1424,usmood,,,,,,6,participant
1425,valerie-parent,Canada,CAN,,,,2,participant
1426,varlottaang,Italy,ITA,Rionero In Vulture,15.6694407,40.9261881,7,participant
1427,vborghe,Canada,CAN,Montréal,-73.5698065,45.5031824,5,participant
1428,vcheplygina,Netherlands,NLD,,,,2,expert
1429,veroxgithub,Argentina,ARG,"Avellaneda, Pba.",-58.3628061,-34.6648394,5,participant
1430,veroxgithub,Argentina,ARG,"Avellaneda, Pba.",-58.3628061,-34.6648394,8,mentor
1431,vhellon,United Kingdom,GBR,London,-0.14405508452768728,51.4893335,5,participant
1432,vickygisel,Argentina,ARG,Oro Verde,-64.29891743033643,-31.132197599999998,5,participant
1433,vickynembaware,South Africa,ZAF,,,,1,expert
1434,vickynembaware,South Africa,ZAF,,,,1,mentor
1435,vickynembaware,South Africa,ZAF,,,,2,expert
1436,vincent-comeau,Canada,CAN,,,,dra,participant
1437,virginiagarciaalonso,Argentina,ARG,,,,8,participant
1438,vrindagupta0,Canada,CAN,,,,dra,participant
1439,vskentrou,Netherlands,NLD,Amsterdam,4.8924534,52.3730796,8,participant
1440,wasifarahman,Bangladesh,BGD,,,,2,participant
1441,web-learning,South Africa,ZAF,Johannesburg,28.049722,-26.205,8,participant
1442,web-learning,South Africa,ZAF,Johannesburg,28.049722,-26.205,dra,mentor
1443,web-learning,South Africa,ZAF,Johannesburg,28.049722,-26.205,dra,mentor
1444,web-learning,South Africa,ZAF,Johannesburg,28.049722,-26.205,dra,mentor
1445,wendy-andrews,,,,,,8,participant
1446,wykhuh,United States,USA,Los Angeles,-118.242766,34.0536909,4,participant
1447,xaxasm,Colombia,COL,Bucaramanga,-73.1047294009737,7.16698415,7,participant
1448,yalbi-i-balderas-martinez,Mexico,MEX,,,,catalyst,participant
1449,yanick-diapa-nana,Cameroon,CMR,Yaoundé,11.5213344,3.8689867,7,participant
1450,yhordijk,Netherlands,NLD,Amsterdam,4.8924534,52.3730796,8,participant
1451,ykho001,United Kingdom,GBR,,,,8,participant
1452,yochannah,United Kingdom,GBR,,,,1,organizer
1453,yochannah,United Kingdom,GBR,,,,1,mentor
1454,yochannah,United Kingdom,GBR,,,,1,speaker
1455,yochannah,United Kingdom,GBR,,,,1,speaker
1456,yochannah,United Kingdom,GBR,,,,1,speaker
1457,yochannah,United Kingdom,GBR,,,,2,expert
1458,yochannah,United Kingdom,GBR,,,,2,organizer
1459,yochannah,United Kingdom,GBR,,,,2,mentor
1460,yochannah,United Kingdom,GBR,,,,2,mentor
1461,yochannah,United Kingdom,GBR,,,,2,speaker
1462,yochannah,United Kingdom,GBR,,,,3,expert
1463,yochannah,United Kingdom,GBR,,,,3,organizer
1464,yochannah,United Kingdom,GBR,,,,3,mentor
1465,yochannah,United Kingdom,GBR,,,,3,mentor
1466,yochannah,United Kingdom,GBR,,,,3,mentor
1467,yochannah,United Kingdom,GBR,,,,3,speaker
1468,yochannah,United Kingdom,GBR,,,,3,speaker
1469,yochannah,United Kingdom,GBR,,,,4,organizer
1470,yochannah,United Kingdom,GBR,,,,4,mentor
1471,yochannah,United Kingdom,GBR,,,,4,speaker
1472,yochannah,United Kingdom,GBR,,,,4,speaker
1473,yochannah,United Kingdom,GBR,,,,5,organizer
1474,yochannah,United Kingdom,GBR,,,,5,mentor
1475,yochannah,United Kingdom,GBR,,,,5,mentor
1476,yochannah,United Kingdom,GBR,,,,5,speaker
1477,yochannah,United Kingdom,GBR,,,,5,speaker
1478,yochannah,United Kingdom,GBR,,,,5,speaker
1479,yochannah,United Kingdom,GBR,,,,6,organizer
1480,yochannah,United Kingdom,GBR,,,,6,mentor
1481,yochannah,United Kingdom,GBR,,,,6,speaker
1482,yochannah,United Kingdom,GBR,,,,6,speaker
1483,yochannah,United Kingdom,GBR,,,,6,speaker
1484,yochannah,United Kingdom,GBR,,,,6,speaker
1485,yochannah,United Kingdom,GBR,,,,6,speaker
1486,yochannah,United Kingdom,GBR,,,,7,organizer
1487,yochannah,United Kingdom,GBR,,,,7,mentor
1488,yochannah,United Kingdom,GBR,,,,7,mentor
1489,yochannah,United Kingdom,GBR,,,,7,speaker
1490,yochannah,United Kingdom,GBR,,,,7,speaker
1491,yochannah,United Kingdom,GBR,,,,8,organizer
1492,yochannah,United Kingdom,GBR,,,,8,speaker
1493,yochannah,United Kingdom,GBR,,,,8,speaker
1494,yochannah,United Kingdom,GBR,,,,8,speaker
1495,yochannah,United Kingdom,GBR,,,,8,speaker
1496,yochannah,United Kingdom,GBR,,,,catalyst,expert
1497,yochannah,United Kingdom,GBR,,,,catalyst,organizer
1498,yochannah,United Kingdom,GBR,,,,catalyst,speaker
1499,yochannah,United Kingdom,GBR,,,,catalyst,speaker
1500,yochannah,United Kingdom,GBR,,,,catalyst,speaker
1501,yochannah,United Kingdom,GBR,,,,catalyst,speaker
1502,yochannah,United Kingdom,GBR,,,,catalyst,speaker
1503,yochannah,United Kingdom,GBR,,,,dra,organizer
1504,yochannah,United Kingdom,GBR,,,,dra,speaker
1505,yuwei-cao-git,Canada,CAN,,,,dra,participant
1506,yvanlebras,France,FRA,Concarneau,-3.9223889,47.8757017,2,expert
1507,yvanlebras,France,FRA,Concarneau,-3.9223889,47.8757017,2,mentor
1508,yvanlebras,France,FRA,Concarneau,-3.9223889,47.8757017,2,mentor
1509,yvanlebras,France,FRA,Concarneau,-3.9223889,47.8757017,3,expert
1510,yvanlebras,France,FRA,Concarneau,-3.9223889,47.8757017,3,mentor
1511,yvanlebras,France,FRA,Concarneau,-3.9223889,47.8757017,4,mentor
1512,yvanlebras,France,FRA,Concarneau,-3.9223889,47.8757017,4,speaker
1513,zchikwambi,Zimbabwe,ZWE,Harare,31.0601584,-17.8567035,catalyst,participant
1514,zdunseth,United States,USA,Providence,-71.4128343,41.8239891,5,participant
1515,zebetus,United Kingdom,GBR,,,,1,mentor
1516,zebetus,United Kingdom,GBR,,,,2,expert
1517,zee-moz,,,,,,7,speaker
1518,zenita-milla-luthfiya,Indonesia,IDN,Solo,110.828448,-7.5692489,3,participant
1519,zulidyana-rusnalasari,Indonesia,IDN,,,,3,speaker
